"location","origin_date","target_end_date","horizon","quantile","output_type_id","value","target","output_type","region"
"HHS Region 1",2020-03-21,2020-03-28,1,"1%",0.01,2.23658125412226,"ili perc","quantile","hhs1"
"HHS Region 1",2020-03-21,2020-03-28,1,"2.5%",0.025,2.24992493135369,"ili perc","quantile","hhs1"
"HHS Region 1",2020-03-21,2020-03-28,1,"5%",0.05,2.41995511451569,"ili perc","quantile","hhs1"
"HHS Region 1",2020-03-21,2020-03-28,1,"10%",0.1,2.70038967890105,"ili perc","quantile","hhs1"
"HHS Region 1",2020-03-21,2020-03-28,1,"15%",0.15,2.78704441336845,"ili perc","quantile","hhs1"
"HHS Region 1",2020-03-21,2020-03-28,1,"20%",0.2,3.00225384255646,"ili perc","quantile","hhs1"
"HHS Region 1",2020-03-21,2020-03-28,1,"25%",0.25,3.22873966751627,"ili perc","quantile","hhs1"
"HHS Region 1",2020-03-21,2020-03-28,1,"30%",0.3,3.3088206803061,"ili perc","quantile","hhs1"
"HHS Region 1",2020-03-21,2020-03-28,1,"35%",0.35,3.42331075082052,"ili perc","quantile","hhs1"
"HHS Region 1",2020-03-21,2020-03-28,1,"40%",0.4,3.54266218276757,"ili perc","quantile","hhs1"
"HHS Region 1",2020-03-21,2020-03-28,1,"45%",0.45,3.71013967809427,"ili perc","quantile","hhs1"
"HHS Region 1",2020-03-21,2020-03-28,1,"50%",0.5,1277.55641746091,"ili perc","quantile","hhs1"
"HHS Region 1",2020-03-21,2020-03-28,1,"55%",0.55,1277.55641746091,"ili perc","quantile","hhs1"
"HHS Region 1",2020-03-21,2020-03-28,1,"60%",0.6,1277.55641746091,"ili perc","quantile","hhs1"
"HHS Region 1",2020-03-21,2020-03-28,1,"65%",0.65,1277.55641746091,"ili perc","quantile","hhs1"
"HHS Region 1",2020-03-21,2020-03-28,1,"70%",0.7,1277.55641746091,"ili perc","quantile","hhs1"
"HHS Region 1",2020-03-21,2020-03-28,1,"75%",0.75,1277.55641746091,"ili perc","quantile","hhs1"
"HHS Region 1",2020-03-21,2020-03-28,1,"80%",0.8,1277.55641746091,"ili perc","quantile","hhs1"
"HHS Region 1",2020-03-21,2020-03-28,1,"85%",0.85,1277.55641746091,"ili perc","quantile","hhs1"
"HHS Region 1",2020-03-21,2020-03-28,1,"90%",0.9,1277.55641746091,"ili perc","quantile","hhs1"
"HHS Region 1",2020-03-21,2020-03-28,1,"95%",0.95,1277.55641746091,"ili perc","quantile","hhs1"
"HHS Region 1",2020-03-21,2020-03-28,1,"97.5%",0.975,1277.55641746091,"ili perc","quantile","hhs1"
"HHS Region 1",2020-03-21,2020-03-28,1,"99%",0.99,1277.55641746091,"ili perc","quantile","hhs1"
"HHS Region 1",2020-03-21,2020-04-04,2,"1%",0.01,2.10104425212057,"ili perc","quantile","hhs1"
"HHS Region 1",2020-03-21,2020-04-04,2,"2.5%",0.025,2.12831428813365,"ili perc","quantile","hhs1"
"HHS Region 1",2020-03-21,2020-04-04,2,"5%",0.05,2.2971095007324,"ili perc","quantile","hhs1"
"HHS Region 1",2020-03-21,2020-04-04,2,"10%",0.1,2.58462540648964,"ili perc","quantile","hhs1"
"HHS Region 1",2020-03-21,2020-04-04,2,"15%",0.15,2.66605440705757,"ili perc","quantile","hhs1"
"HHS Region 1",2020-03-21,2020-04-04,2,"20%",0.2,2.88794673858501,"ili perc","quantile","hhs1"
"HHS Region 1",2020-03-21,2020-04-04,2,"25%",0.25,3.11066850637303,"ili perc","quantile","hhs1"
"HHS Region 1",2020-03-21,2020-04-04,2,"30%",0.3,3.20082553292559,"ili perc","quantile","hhs1"
"HHS Region 1",2020-03-21,2020-04-04,2,"35%",0.35,3.32723103300714,"ili perc","quantile","hhs1"
"HHS Region 1",2020-03-21,2020-04-04,2,"40%",0.4,3.44626630408459,"ili perc","quantile","hhs1"
"HHS Region 1",2020-03-21,2020-04-04,2,"45%",0.45,3.62321771105564,"ili perc","quantile","hhs1"
"HHS Region 1",2020-03-21,2020-04-04,2,"50%",0.5,994.88744751731,"ili perc","quantile","hhs1"
"HHS Region 1",2020-03-21,2020-04-04,2,"55%",0.55,994.88744751731,"ili perc","quantile","hhs1"
"HHS Region 1",2020-03-21,2020-04-04,2,"60%",0.6,994.88744751731,"ili perc","quantile","hhs1"
"HHS Region 1",2020-03-21,2020-04-04,2,"65%",0.65,994.88744751731,"ili perc","quantile","hhs1"
"HHS Region 1",2020-03-21,2020-04-04,2,"70%",0.7,994.88744751731,"ili perc","quantile","hhs1"
"HHS Region 1",2020-03-21,2020-04-04,2,"75%",0.75,994.88744751731,"ili perc","quantile","hhs1"
"HHS Region 1",2020-03-21,2020-04-04,2,"80%",0.8,994.88744751731,"ili perc","quantile","hhs1"
"HHS Region 1",2020-03-21,2020-04-04,2,"85%",0.85,994.88744751731,"ili perc","quantile","hhs1"
"HHS Region 1",2020-03-21,2020-04-04,2,"90%",0.9,994.88744751731,"ili perc","quantile","hhs1"
"HHS Region 1",2020-03-21,2020-04-04,2,"95%",0.95,994.88744751731,"ili perc","quantile","hhs1"
"HHS Region 1",2020-03-21,2020-04-04,2,"97.5%",0.975,994.88744751731,"ili perc","quantile","hhs1"
"HHS Region 1",2020-03-21,2020-04-04,2,"99%",0.99,994.88744751731,"ili perc","quantile","hhs1"
"HHS Region 1",2020-03-21,2020-04-11,3,"1%",0.01,2.09725233908034,"ili perc","quantile","hhs1"
"HHS Region 1",2020-03-21,2020-04-11,3,"2.5%",0.025,2.14187038485079,"ili perc","quantile","hhs1"
"HHS Region 1",2020-03-21,2020-04-11,3,"5%",0.05,2.28815482206005,"ili perc","quantile","hhs1"
"HHS Region 1",2020-03-21,2020-04-11,3,"10%",0.1,2.55450768412084,"ili perc","quantile","hhs1"
"HHS Region 1",2020-03-21,2020-04-11,3,"15%",0.15,2.62988623982596,"ili perc","quantile","hhs1"
"HHS Region 1",2020-03-21,2020-04-11,3,"20%",0.2,2.85579160307475,"ili perc","quantile","hhs1"
"HHS Region 1",2020-03-21,2020-04-11,3,"25%",0.25,3.07488081135784,"ili perc","quantile","hhs1"
"HHS Region 1",2020-03-21,2020-04-11,3,"30%",0.3,3.16736906968345,"ili perc","quantile","hhs1"
"HHS Region 1",2020-03-21,2020-04-11,3,"35%",0.35,3.30837529523455,"ili perc","quantile","hhs1"
"HHS Region 1",2020-03-21,2020-04-11,3,"40%",0.4,3.42475238681413,"ili perc","quantile","hhs1"
"HHS Region 1",2020-03-21,2020-04-11,3,"45%",0.45,3.60159777704712,"ili perc","quantile","hhs1"
"HHS Region 1",2020-03-21,2020-04-11,3,"50%",0.5,1034.38670168189,"ili perc","quantile","hhs1"
"HHS Region 1",2020-03-21,2020-04-11,3,"55%",0.55,1034.38670168189,"ili perc","quantile","hhs1"
"HHS Region 1",2020-03-21,2020-04-11,3,"60%",0.6,1034.38670168189,"ili perc","quantile","hhs1"
"HHS Region 1",2020-03-21,2020-04-11,3,"65%",0.65,1034.38670168189,"ili perc","quantile","hhs1"
"HHS Region 1",2020-03-21,2020-04-11,3,"70%",0.7,1034.38670168189,"ili perc","quantile","hhs1"
"HHS Region 1",2020-03-21,2020-04-11,3,"75%",0.75,1034.38670168189,"ili perc","quantile","hhs1"
"HHS Region 1",2020-03-21,2020-04-11,3,"80%",0.8,1034.38670168189,"ili perc","quantile","hhs1"
"HHS Region 1",2020-03-21,2020-04-11,3,"85%",0.85,1034.38670168189,"ili perc","quantile","hhs1"
"HHS Region 1",2020-03-21,2020-04-11,3,"90%",0.9,1034.38670168189,"ili perc","quantile","hhs1"
"HHS Region 1",2020-03-21,2020-04-11,3,"95%",0.95,1034.38670168189,"ili perc","quantile","hhs1"
"HHS Region 1",2020-03-21,2020-04-11,3,"97.5%",0.975,1034.38670168189,"ili perc","quantile","hhs1"
"HHS Region 1",2020-03-21,2020-04-11,3,"99%",0.99,1034.38670168189,"ili perc","quantile","hhs1"
"HHS Region 1",2020-03-21,2020-04-18,4,"1%",0.01,2.11872065653165,"ili perc","quantile","hhs1"
"HHS Region 1",2020-03-21,2020-04-18,4,"2.5%",0.025,2.18134276453952,"ili perc","quantile","hhs1"
"HHS Region 1",2020-03-21,2020-04-18,4,"5%",0.05,2.30103709605464,"ili perc","quantile","hhs1"
"HHS Region 1",2020-03-21,2020-04-18,4,"10%",0.1,2.54081145884106,"ili perc","quantile","hhs1"
"HHS Region 1",2020-03-21,2020-04-18,4,"15%",0.15,2.60998144318933,"ili perc","quantile","hhs1"
"HHS Region 1",2020-03-21,2020-04-18,4,"20%",0.2,2.83938792877689,"ili perc","quantile","hhs1"
"HHS Region 1",2020-03-21,2020-04-18,4,"25%",0.25,3.05486979034549,"ili perc","quantile","hhs1"
"HHS Region 1",2020-03-21,2020-04-18,4,"30%",0.3,3.14820432962233,"ili perc","quantile","hhs1"
"HHS Region 1",2020-03-21,2020-04-18,4,"35%",0.35,3.30432614760252,"ili perc","quantile","hhs1"
"HHS Region 1",2020-03-21,2020-04-18,4,"40%",0.4,3.41759601121635,"ili perc","quantile","hhs1"
"HHS Region 1",2020-03-21,2020-04-18,4,"45%",0.45,3.59249857089981,"ili perc","quantile","hhs1"
"HHS Region 1",2020-03-21,2020-04-18,4,"50%",0.5,1135.65709025563,"ili perc","quantile","hhs1"
"HHS Region 1",2020-03-21,2020-04-18,4,"55%",0.55,1135.65709025563,"ili perc","quantile","hhs1"
"HHS Region 1",2020-03-21,2020-04-18,4,"60%",0.6,1135.65709025563,"ili perc","quantile","hhs1"
"HHS Region 1",2020-03-21,2020-04-18,4,"65%",0.65,1135.65709025563,"ili perc","quantile","hhs1"
"HHS Region 1",2020-03-21,2020-04-18,4,"70%",0.7,1135.65709025563,"ili perc","quantile","hhs1"
"HHS Region 1",2020-03-21,2020-04-18,4,"75%",0.75,1135.65709025563,"ili perc","quantile","hhs1"
"HHS Region 1",2020-03-21,2020-04-18,4,"80%",0.8,1135.65709025563,"ili perc","quantile","hhs1"
"HHS Region 1",2020-03-21,2020-04-18,4,"85%",0.85,1135.65709025563,"ili perc","quantile","hhs1"
"HHS Region 1",2020-03-21,2020-04-18,4,"90%",0.9,1135.65709025563,"ili perc","quantile","hhs1"
"HHS Region 1",2020-03-21,2020-04-18,4,"95%",0.95,1135.65709025563,"ili perc","quantile","hhs1"
"HHS Region 1",2020-03-21,2020-04-18,4,"97.5%",0.975,1135.65709025563,"ili perc","quantile","hhs1"
"HHS Region 1",2020-03-21,2020-04-18,4,"99%",0.99,1135.65709025563,"ili perc","quantile","hhs1"
"HHS Region 10",2020-03-21,2020-03-28,1,"1%",0.01,1.91718366931008,"ili perc","quantile","hhs10"
"HHS Region 10",2020-03-21,2020-03-28,1,"2.5%",0.025,1.91718366931008,"ili perc","quantile","hhs10"
"HHS Region 10",2020-03-21,2020-03-28,1,"5%",0.05,2.18331742651606,"ili perc","quantile","hhs10"
"HHS Region 10",2020-03-21,2020-03-28,1,"10%",0.1,2.58540605611574,"ili perc","quantile","hhs10"
"HHS Region 10",2020-03-21,2020-03-28,1,"15%",0.15,2.67020191949382,"ili perc","quantile","hhs10"
"HHS Region 10",2020-03-21,2020-03-28,1,"20%",0.2,2.89278465881739,"ili perc","quantile","hhs10"
"HHS Region 10",2020-03-21,2020-03-28,1,"25%",0.25,3.10005769714166,"ili perc","quantile","hhs10"
"HHS Region 10",2020-03-21,2020-03-28,1,"30%",0.3,3.20493616297574,"ili perc","quantile","hhs10"
"HHS Region 10",2020-03-21,2020-03-28,1,"35%",0.35,3.27787475966409,"ili perc","quantile","hhs10"
"HHS Region 10",2020-03-21,2020-03-28,1,"40%",0.4,3.35175879832411,"ili perc","quantile","hhs10"
"HHS Region 10",2020-03-21,2020-03-28,1,"45%",0.45,3.47164278625849,"ili perc","quantile","hhs10"
"HHS Region 10",2020-03-21,2020-03-28,1,"50%",0.5,673.199416242852,"ili perc","quantile","hhs10"
"HHS Region 10",2020-03-21,2020-03-28,1,"55%",0.55,673.199416242852,"ili perc","quantile","hhs10"
"HHS Region 10",2020-03-21,2020-03-28,1,"60%",0.6,673.199416242852,"ili perc","quantile","hhs10"
"HHS Region 10",2020-03-21,2020-03-28,1,"65%",0.65,673.199416242852,"ili perc","quantile","hhs10"
"HHS Region 10",2020-03-21,2020-03-28,1,"70%",0.7,673.199416242852,"ili perc","quantile","hhs10"
"HHS Region 10",2020-03-21,2020-03-28,1,"75%",0.75,673.199416242852,"ili perc","quantile","hhs10"
"HHS Region 10",2020-03-21,2020-03-28,1,"80%",0.8,673.199416242852,"ili perc","quantile","hhs10"
"HHS Region 10",2020-03-21,2020-03-28,1,"85%",0.85,673.199416242852,"ili perc","quantile","hhs10"
"HHS Region 10",2020-03-21,2020-03-28,1,"90%",0.9,673.199416242852,"ili perc","quantile","hhs10"
"HHS Region 10",2020-03-21,2020-03-28,1,"95%",0.95,673.199416242852,"ili perc","quantile","hhs10"
"HHS Region 10",2020-03-21,2020-03-28,1,"97.5%",0.975,673.199416242852,"ili perc","quantile","hhs10"
"HHS Region 10",2020-03-21,2020-03-28,1,"99%",0.99,673.199416242852,"ili perc","quantile","hhs10"
"HHS Region 10",2020-03-21,2020-04-04,2,"1%",0.01,1.81507286527619,"ili perc","quantile","hhs10"
"HHS Region 10",2020-03-21,2020-04-04,2,"2.5%",0.025,1.81507286527619,"ili perc","quantile","hhs10"
"HHS Region 10",2020-03-21,2020-04-04,2,"5%",0.05,2.0830552849157,"ili perc","quantile","hhs10"
"HHS Region 10",2020-03-21,2020-04-04,2,"10%",0.1,2.48662466718434,"ili perc","quantile","hhs10"
"HHS Region 10",2020-03-21,2020-04-04,2,"15%",0.15,2.56603126444645,"ili perc","quantile","hhs10"
"HHS Region 10",2020-03-21,2020-04-04,2,"20%",0.2,2.79476749655822,"ili perc","quantile","hhs10"
"HHS Region 10",2020-03-21,2020-04-04,2,"25%",0.25,2.99830255242779,"ili perc","quantile","hhs10"
"HHS Region 10",2020-03-21,2020-04-04,2,"30%",0.3,3.11172131657469,"ili perc","quantile","hhs10"
"HHS Region 10",2020-03-21,2020-04-04,2,"35%",0.35,3.19710781106619,"ili perc","quantile","hhs10"
"HHS Region 10",2020-03-21,2020-04-04,2,"40%",0.4,3.27021128918813,"ili perc","quantile","hhs10"
"HHS Region 10",2020-03-21,2020-04-04,2,"45%",0.45,3.39766958151563,"ili perc","quantile","hhs10"
"HHS Region 10",2020-03-21,2020-04-04,2,"50%",0.5,454.413292816324,"ili perc","quantile","hhs10"
"HHS Region 10",2020-03-21,2020-04-04,2,"55%",0.55,454.413292816324,"ili perc","quantile","hhs10"
"HHS Region 10",2020-03-21,2020-04-04,2,"60%",0.6,454.413292816324,"ili perc","quantile","hhs10"
"HHS Region 10",2020-03-21,2020-04-04,2,"65%",0.65,454.413292816324,"ili perc","quantile","hhs10"
"HHS Region 10",2020-03-21,2020-04-04,2,"70%",0.7,454.413292816324,"ili perc","quantile","hhs10"
"HHS Region 10",2020-03-21,2020-04-04,2,"75%",0.75,454.413292816324,"ili perc","quantile","hhs10"
"HHS Region 10",2020-03-21,2020-04-04,2,"80%",0.8,454.413292816324,"ili perc","quantile","hhs10"
"HHS Region 10",2020-03-21,2020-04-04,2,"85%",0.85,454.413292816324,"ili perc","quantile","hhs10"
"HHS Region 10",2020-03-21,2020-04-04,2,"90%",0.9,454.413292816324,"ili perc","quantile","hhs10"
"HHS Region 10",2020-03-21,2020-04-04,2,"95%",0.95,454.413292816324,"ili perc","quantile","hhs10"
"HHS Region 10",2020-03-21,2020-04-04,2,"97.5%",0.975,454.413292816324,"ili perc","quantile","hhs10"
"HHS Region 10",2020-03-21,2020-04-04,2,"99%",0.99,454.413292816324,"ili perc","quantile","hhs10"
"HHS Region 10",2020-03-21,2020-04-11,3,"1%",0.01,1.71417319667401,"ili perc","quantile","hhs10"
"HHS Region 10",2020-03-21,2020-04-11,3,"2.5%",0.025,1.71417319667401,"ili perc","quantile","hhs10"
"HHS Region 10",2020-03-21,2020-04-11,3,"5%",0.05,1.98382672318635,"ili perc","quantile","hhs10"
"HHS Region 10",2020-03-21,2020-04-11,3,"10%",0.1,2.38862053546029,"ili perc","quantile","hhs10"
"HHS Region 10",2020-03-21,2020-04-11,3,"15%",0.15,2.46263038221196,"ili perc","quantile","hhs10"
"HHS Region 10",2020-03-21,2020-04-11,3,"20%",0.2,2.6974958775759,"ili perc","quantile","hhs10"
"HHS Region 10",2020-03-21,2020-04-11,3,"25%",0.25,2.89729414435473,"ili perc","quantile","hhs10"
"HHS Region 10",2020-03-21,2020-04-11,3,"30%",0.3,3.01918292158282,"ili perc","quantile","hhs10"
"HHS Region 10",2020-03-21,2020-04-11,3,"35%",0.35,3.11704168340074,"ili perc","quantile","hhs10"
"HHS Region 10",2020-03-21,2020-04-11,3,"40%",0.4,3.18934334676163,"ili perc","quantile","hhs10"
"HHS Region 10",2020-03-21,2020-04-11,3,"45%",0.45,3.32428900398068,"ili perc","quantile","hhs10"
"HHS Region 10",2020-03-21,2020-04-11,3,"50%",0.5,238.55090156566,"ili perc","quantile","hhs10"
"HHS Region 10",2020-03-21,2020-04-11,3,"55%",0.55,238.55090156566,"ili perc","quantile","hhs10"
"HHS Region 10",2020-03-21,2020-04-11,3,"60%",0.6,238.55090156566,"ili perc","quantile","hhs10"
"HHS Region 10",2020-03-21,2020-04-11,3,"65%",0.65,238.55090156566,"ili perc","quantile","hhs10"
"HHS Region 10",2020-03-21,2020-04-11,3,"70%",0.7,238.55090156566,"ili perc","quantile","hhs10"
"HHS Region 10",2020-03-21,2020-04-11,3,"75%",0.75,238.55090156566,"ili perc","quantile","hhs10"
"HHS Region 10",2020-03-21,2020-04-11,3,"80%",0.8,238.55090156566,"ili perc","quantile","hhs10"
"HHS Region 10",2020-03-21,2020-04-11,3,"85%",0.85,238.55090156566,"ili perc","quantile","hhs10"
"HHS Region 10",2020-03-21,2020-04-11,3,"90%",0.9,238.55090156566,"ili perc","quantile","hhs10"
"HHS Region 10",2020-03-21,2020-04-11,3,"95%",0.95,238.55090156566,"ili perc","quantile","hhs10"
"HHS Region 10",2020-03-21,2020-04-11,3,"97.5%",0.975,238.55090156566,"ili perc","quantile","hhs10"
"HHS Region 10",2020-03-21,2020-04-11,3,"99%",0.99,238.55090156566,"ili perc","quantile","hhs10"
"HHS Region 10",2020-03-21,2020-04-18,4,"1%",0.01,1.65622074828415,"ili perc","quantile","hhs10"
"HHS Region 10",2020-03-21,2020-04-18,4,"2.5%",0.025,1.65622074828415,"ili perc","quantile","hhs10"
"HHS Region 10",2020-03-21,2020-04-18,4,"5%",0.05,1.92124920903748,"ili perc","quantile","hhs10"
"HHS Region 10",2020-03-21,2020-04-18,4,"10%",0.1,2.31817817393033,"ili perc","quantile","hhs10"
"HHS Region 10",2020-03-21,2020-04-18,4,"15%",0.15,2.38652587134311,"ili perc","quantile","hhs10"
"HHS Region 10",2020-03-21,2020-04-18,4,"20%",0.2,2.62666144344932,"ili perc","quantile","hhs10"
"HHS Region 10",2020-03-21,2020-04-18,4,"25%",0.25,2.8227652381772,"ili perc","quantile","hhs10"
"HHS Region 10",2020-03-21,2020-04-18,4,"30%",0.3,2.95063169340365,"ili perc","quantile","hhs10"
"HHS Region 10",2020-03-21,2020-04-18,4,"35%",0.35,3.06182687304241,"ili perc","quantile","hhs10"
"HHS Region 10",2020-03-21,2020-04-18,4,"40%",0.4,3.13257304062178,"ili perc","quantile","hhs10"
"HHS Region 10",2020-03-21,2020-04-18,4,"45%",0.45,3.27192316231901,"ili perc","quantile","hhs10"
"HHS Region 10",2020-03-21,2020-04-18,4,"50%",0.5,126.364917038864,"ili perc","quantile","hhs10"
"HHS Region 10",2020-03-21,2020-04-18,4,"55%",0.55,126.364917038864,"ili perc","quantile","hhs10"
"HHS Region 10",2020-03-21,2020-04-18,4,"60%",0.6,126.364917038864,"ili perc","quantile","hhs10"
"HHS Region 10",2020-03-21,2020-04-18,4,"65%",0.65,126.364917038864,"ili perc","quantile","hhs10"
"HHS Region 10",2020-03-21,2020-04-18,4,"70%",0.7,126.364917038864,"ili perc","quantile","hhs10"
"HHS Region 10",2020-03-21,2020-04-18,4,"75%",0.75,126.364917038864,"ili perc","quantile","hhs10"
"HHS Region 10",2020-03-21,2020-04-18,4,"80%",0.8,126.364917038864,"ili perc","quantile","hhs10"
"HHS Region 10",2020-03-21,2020-04-18,4,"85%",0.85,126.364917038864,"ili perc","quantile","hhs10"
"HHS Region 10",2020-03-21,2020-04-18,4,"90%",0.9,126.364917038864,"ili perc","quantile","hhs10"
"HHS Region 10",2020-03-21,2020-04-18,4,"95%",0.95,126.364917038864,"ili perc","quantile","hhs10"
"HHS Region 10",2020-03-21,2020-04-18,4,"97.5%",0.975,126.364917038864,"ili perc","quantile","hhs10"
"HHS Region 10",2020-03-21,2020-04-18,4,"99%",0.99,126.364917038864,"ili perc","quantile","hhs10"
"HHS Region 2",2020-03-21,2020-03-28,1,"1%",0.01,11.6605751524853,"ili perc","quantile","hhs2"
"HHS Region 2",2020-03-21,2020-03-28,1,"2.5%",0.025,11.6605751524853,"ili perc","quantile","hhs2"
"HHS Region 2",2020-03-21,2020-03-28,1,"5%",0.05,11.6605751524853,"ili perc","quantile","hhs2"
"HHS Region 2",2020-03-21,2020-03-28,1,"10%",0.1,11.6605751524853,"ili perc","quantile","hhs2"
"HHS Region 2",2020-03-21,2020-03-28,1,"15%",0.15,11.6605751524853,"ili perc","quantile","hhs2"
"HHS Region 2",2020-03-21,2020-03-28,1,"20%",0.2,11.6605751524853,"ili perc","quantile","hhs2"
"HHS Region 2",2020-03-21,2020-03-28,1,"25%",0.25,11.6605751524853,"ili perc","quantile","hhs2"
"HHS Region 2",2020-03-21,2020-03-28,1,"30%",0.3,11.6605751524853,"ili perc","quantile","hhs2"
"HHS Region 2",2020-03-21,2020-03-28,1,"35%",0.35,11.9149933103957,"ili perc","quantile","hhs2"
"HHS Region 2",2020-03-21,2020-03-28,1,"40%",0.4,11.9149933103957,"ili perc","quantile","hhs2"
"HHS Region 2",2020-03-21,2020-03-28,1,"45%",0.45,11.9149933103957,"ili perc","quantile","hhs2"
"HHS Region 2",2020-03-21,2020-03-28,1,"50%",0.5,22128.1369676886,"ili perc","quantile","hhs2"
"HHS Region 2",2020-03-21,2020-03-28,1,"55%",0.55,22128.1369676886,"ili perc","quantile","hhs2"
"HHS Region 2",2020-03-21,2020-03-28,1,"60%",0.6,22128.1369676886,"ili perc","quantile","hhs2"
"HHS Region 2",2020-03-21,2020-03-28,1,"65%",0.65,22128.1369676886,"ili perc","quantile","hhs2"
"HHS Region 2",2020-03-21,2020-03-28,1,"70%",0.7,22128.1369676886,"ili perc","quantile","hhs2"
"HHS Region 2",2020-03-21,2020-03-28,1,"75%",0.75,22128.1369676886,"ili perc","quantile","hhs2"
"HHS Region 2",2020-03-21,2020-03-28,1,"80%",0.8,22128.1369676886,"ili perc","quantile","hhs2"
"HHS Region 2",2020-03-21,2020-03-28,1,"85%",0.85,22128.1369676886,"ili perc","quantile","hhs2"
"HHS Region 2",2020-03-21,2020-03-28,1,"90%",0.9,22128.1369676886,"ili perc","quantile","hhs2"
"HHS Region 2",2020-03-21,2020-03-28,1,"95%",0.95,22128.1369676886,"ili perc","quantile","hhs2"
"HHS Region 2",2020-03-21,2020-03-28,1,"97.5%",0.975,22128.1369676886,"ili perc","quantile","hhs2"
"HHS Region 2",2020-03-21,2020-03-28,1,"99%",0.99,22128.1369676886,"ili perc","quantile","hhs2"
"HHS Region 2",2020-03-21,2020-04-04,2,"1%",0.01,11.584930244283,"ili perc","quantile","hhs2"
"HHS Region 2",2020-03-21,2020-04-04,2,"2.5%",0.025,11.584930244283,"ili perc","quantile","hhs2"
"HHS Region 2",2020-03-21,2020-04-04,2,"5%",0.05,11.584930244283,"ili perc","quantile","hhs2"
"HHS Region 2",2020-03-21,2020-04-04,2,"10%",0.1,11.584930244283,"ili perc","quantile","hhs2"
"HHS Region 2",2020-03-21,2020-04-04,2,"15%",0.15,11.584930244283,"ili perc","quantile","hhs2"
"HHS Region 2",2020-03-21,2020-04-04,2,"20%",0.2,11.584930244283,"ili perc","quantile","hhs2"
"HHS Region 2",2020-03-21,2020-04-04,2,"25%",0.25,11.584930244283,"ili perc","quantile","hhs2"
"HHS Region 2",2020-03-21,2020-04-04,2,"30%",0.3,11.584930244283,"ili perc","quantile","hhs2"
"HHS Region 2",2020-03-21,2020-04-04,2,"35%",0.35,11.8541373830279,"ili perc","quantile","hhs2"
"HHS Region 2",2020-03-21,2020-04-04,2,"40%",0.4,11.8541373830279,"ili perc","quantile","hhs2"
"HHS Region 2",2020-03-21,2020-04-04,2,"45%",0.45,11.8541373830279,"ili perc","quantile","hhs2"
"HHS Region 2",2020-03-21,2020-04-04,2,"50%",0.5,21988.956196819,"ili perc","quantile","hhs2"
"HHS Region 2",2020-03-21,2020-04-04,2,"55%",0.55,21988.956196819,"ili perc","quantile","hhs2"
"HHS Region 2",2020-03-21,2020-04-04,2,"60%",0.6,21988.956196819,"ili perc","quantile","hhs2"
"HHS Region 2",2020-03-21,2020-04-04,2,"65%",0.65,21988.956196819,"ili perc","quantile","hhs2"
"HHS Region 2",2020-03-21,2020-04-04,2,"70%",0.7,21988.956196819,"ili perc","quantile","hhs2"
"HHS Region 2",2020-03-21,2020-04-04,2,"75%",0.75,21988.956196819,"ili perc","quantile","hhs2"
"HHS Region 2",2020-03-21,2020-04-04,2,"80%",0.8,21988.956196819,"ili perc","quantile","hhs2"
"HHS Region 2",2020-03-21,2020-04-04,2,"85%",0.85,21988.956196819,"ili perc","quantile","hhs2"
"HHS Region 2",2020-03-21,2020-04-04,2,"90%",0.9,21988.956196819,"ili perc","quantile","hhs2"
"HHS Region 2",2020-03-21,2020-04-04,2,"95%",0.95,21988.956196819,"ili perc","quantile","hhs2"
"HHS Region 2",2020-03-21,2020-04-04,2,"97.5%",0.975,21988.956196819,"ili perc","quantile","hhs2"
"HHS Region 2",2020-03-21,2020-04-04,2,"99%",0.99,21988.956196819,"ili perc","quantile","hhs2"
"HHS Region 2",2020-03-21,2020-04-11,3,"1%",0.01,12.2031305141663,"ili perc","quantile","hhs2"
"HHS Region 2",2020-03-21,2020-04-11,3,"2.5%",0.025,12.2031305141663,"ili perc","quantile","hhs2"
"HHS Region 2",2020-03-21,2020-04-11,3,"5%",0.05,12.2031305141663,"ili perc","quantile","hhs2"
"HHS Region 2",2020-03-21,2020-04-11,3,"10%",0.1,12.2031305141663,"ili perc","quantile","hhs2"
"HHS Region 2",2020-03-21,2020-04-11,3,"15%",0.15,12.2031305141663,"ili perc","quantile","hhs2"
"HHS Region 2",2020-03-21,2020-04-11,3,"20%",0.2,12.2031305141663,"ili perc","quantile","hhs2"
"HHS Region 2",2020-03-21,2020-04-11,3,"25%",0.25,12.2031305141663,"ili perc","quantile","hhs2"
"HHS Region 2",2020-03-21,2020-04-11,3,"30%",0.3,12.2031305141663,"ili perc","quantile","hhs2"
"HHS Region 2",2020-03-21,2020-04-11,3,"35%",0.35,12.3023132044703,"ili perc","quantile","hhs2"
"HHS Region 2",2020-03-21,2020-04-11,3,"40%",0.4,12.3023132044703,"ili perc","quantile","hhs2"
"HHS Region 2",2020-03-21,2020-04-11,3,"45%",0.45,12.3023132044703,"ili perc","quantile","hhs2"
"HHS Region 2",2020-03-21,2020-04-11,3,"50%",0.5,24112.7170901531,"ili perc","quantile","hhs2"
"HHS Region 2",2020-03-21,2020-04-11,3,"55%",0.55,24112.7170901531,"ili perc","quantile","hhs2"
"HHS Region 2",2020-03-21,2020-04-11,3,"60%",0.6,24112.7170901531,"ili perc","quantile","hhs2"
"HHS Region 2",2020-03-21,2020-04-11,3,"65%",0.65,24112.7170901531,"ili perc","quantile","hhs2"
"HHS Region 2",2020-03-21,2020-04-11,3,"70%",0.7,24112.7170901531,"ili perc","quantile","hhs2"
"HHS Region 2",2020-03-21,2020-04-11,3,"75%",0.75,24112.7170901531,"ili perc","quantile","hhs2"
"HHS Region 2",2020-03-21,2020-04-11,3,"80%",0.8,24112.7170901531,"ili perc","quantile","hhs2"
"HHS Region 2",2020-03-21,2020-04-11,3,"85%",0.85,24112.7170901531,"ili perc","quantile","hhs2"
"HHS Region 2",2020-03-21,2020-04-11,3,"90%",0.9,24112.7170901531,"ili perc","quantile","hhs2"
"HHS Region 2",2020-03-21,2020-04-11,3,"95%",0.95,24112.7170901531,"ili perc","quantile","hhs2"
"HHS Region 2",2020-03-21,2020-04-11,3,"97.5%",0.975,24112.7170901531,"ili perc","quantile","hhs2"
"HHS Region 2",2020-03-21,2020-04-11,3,"99%",0.99,24112.7170901531,"ili perc","quantile","hhs2"
"HHS Region 2",2020-03-21,2020-04-18,4,"1%",0.01,11.4917767581874,"ili perc","quantile","hhs2"
"HHS Region 2",2020-03-21,2020-04-18,4,"2.5%",0.025,11.4917767581874,"ili perc","quantile","hhs2"
"HHS Region 2",2020-03-21,2020-04-18,4,"5%",0.05,11.4917767581874,"ili perc","quantile","hhs2"
"HHS Region 2",2020-03-21,2020-04-18,4,"10%",0.1,11.4917767581874,"ili perc","quantile","hhs2"
"HHS Region 2",2020-03-21,2020-04-18,4,"15%",0.15,11.4917767581874,"ili perc","quantile","hhs2"
"HHS Region 2",2020-03-21,2020-04-18,4,"20%",0.2,11.4917767581874,"ili perc","quantile","hhs2"
"HHS Region 2",2020-03-21,2020-04-18,4,"25%",0.25,11.4917767581874,"ili perc","quantile","hhs2"
"HHS Region 2",2020-03-21,2020-04-18,4,"30%",0.3,11.4917767581874,"ili perc","quantile","hhs2"
"HHS Region 2",2020-03-21,2020-04-18,4,"35%",0.35,11.7750765963065,"ili perc","quantile","hhs2"
"HHS Region 2",2020-03-21,2020-04-18,4,"40%",0.4,11.7750765963065,"ili perc","quantile","hhs2"
"HHS Region 2",2020-03-21,2020-04-18,4,"45%",0.45,11.7750765963065,"ili perc","quantile","hhs2"
"HHS Region 2",2020-03-21,2020-04-18,4,"50%",0.5,21900.2034153749,"ili perc","quantile","hhs2"
"HHS Region 2",2020-03-21,2020-04-18,4,"55%",0.55,21900.2034153749,"ili perc","quantile","hhs2"
"HHS Region 2",2020-03-21,2020-04-18,4,"60%",0.6,21900.2034153749,"ili perc","quantile","hhs2"
"HHS Region 2",2020-03-21,2020-04-18,4,"65%",0.65,21900.2034153749,"ili perc","quantile","hhs2"
"HHS Region 2",2020-03-21,2020-04-18,4,"70%",0.7,21900.2034153749,"ili perc","quantile","hhs2"
"HHS Region 2",2020-03-21,2020-04-18,4,"75%",0.75,21900.2034153749,"ili perc","quantile","hhs2"
"HHS Region 2",2020-03-21,2020-04-18,4,"80%",0.8,21900.2034153749,"ili perc","quantile","hhs2"
"HHS Region 2",2020-03-21,2020-04-18,4,"85%",0.85,21900.2034153749,"ili perc","quantile","hhs2"
"HHS Region 2",2020-03-21,2020-04-18,4,"90%",0.9,21900.2034153749,"ili perc","quantile","hhs2"
"HHS Region 2",2020-03-21,2020-04-18,4,"95%",0.95,21900.2034153749,"ili perc","quantile","hhs2"
"HHS Region 2",2020-03-21,2020-04-18,4,"97.5%",0.975,21900.2034153749,"ili perc","quantile","hhs2"
"HHS Region 2",2020-03-21,2020-04-18,4,"99%",0.99,21900.2034153749,"ili perc","quantile","hhs2"
"HHS Region 3",2020-03-21,2020-03-28,1,"1%",0.01,2.77105783252296,"ili perc","quantile","hhs3"
"HHS Region 3",2020-03-21,2020-03-28,1,"2.5%",0.025,2.82599911646048,"ili perc","quantile","hhs3"
"HHS Region 3",2020-03-21,2020-03-28,1,"5%",0.05,3.1124767572046,"ili perc","quantile","hhs3"
"HHS Region 3",2020-03-21,2020-03-28,1,"10%",0.1,3.49059869652956,"ili perc","quantile","hhs3"
"HHS Region 3",2020-03-21,2020-03-28,1,"15%",0.15,3.57420127156524,"ili perc","quantile","hhs3"
"HHS Region 3",2020-03-21,2020-03-28,1,"20%",0.2,3.8192162369844,"ili perc","quantile","hhs3"
"HHS Region 3",2020-03-21,2020-03-28,1,"25%",0.25,4.04832756197334,"ili perc","quantile","hhs3"
"HHS Region 3",2020-03-21,2020-03-28,1,"30%",0.3,4.15687424157954,"ili perc","quantile","hhs3"
"HHS Region 3",2020-03-21,2020-03-28,1,"35%",0.35,4.30844082615954,"ili perc","quantile","hhs3"
"HHS Region 3",2020-03-21,2020-03-28,1,"40%",0.4,4.44363890200793,"ili perc","quantile","hhs3"
"HHS Region 3",2020-03-21,2020-03-28,1,"45%",0.45,4.63065431382165,"ili perc","quantile","hhs3"
"HHS Region 3",2020-03-21,2020-03-28,1,"50%",0.5,1407.50928966236,"ili perc","quantile","hhs3"
"HHS Region 3",2020-03-21,2020-03-28,1,"55%",0.55,1407.50928966236,"ili perc","quantile","hhs3"
"HHS Region 3",2020-03-21,2020-03-28,1,"60%",0.6,1407.50928966236,"ili perc","quantile","hhs3"
"HHS Region 3",2020-03-21,2020-03-28,1,"65%",0.65,1407.50928966236,"ili perc","quantile","hhs3"
"HHS Region 3",2020-03-21,2020-03-28,1,"70%",0.7,1407.50928966236,"ili perc","quantile","hhs3"
"HHS Region 3",2020-03-21,2020-03-28,1,"75%",0.75,1407.50928966236,"ili perc","quantile","hhs3"
"HHS Region 3",2020-03-21,2020-03-28,1,"80%",0.8,1407.50928966236,"ili perc","quantile","hhs3"
"HHS Region 3",2020-03-21,2020-03-28,1,"85%",0.85,1407.50928966236,"ili perc","quantile","hhs3"
"HHS Region 3",2020-03-21,2020-03-28,1,"90%",0.9,1407.50928966236,"ili perc","quantile","hhs3"
"HHS Region 3",2020-03-21,2020-03-28,1,"95%",0.95,1407.50928966236,"ili perc","quantile","hhs3"
"HHS Region 3",2020-03-21,2020-03-28,1,"97.5%",0.975,1407.50928966236,"ili perc","quantile","hhs3"
"HHS Region 3",2020-03-21,2020-03-28,1,"99%",0.99,1407.50928966236,"ili perc","quantile","hhs3"
"HHS Region 3",2020-03-21,2020-04-04,2,"1%",0.01,2.55763751482482,"ili perc","quantile","hhs3"
"HHS Region 3",2020-03-21,2020-04-04,2,"2.5%",0.025,2.62448239126672,"ili perc","quantile","hhs3"
"HHS Region 3",2020-03-21,2020-04-04,2,"5%",0.05,2.92230260978067,"ili perc","quantile","hhs3"
"HHS Region 3",2020-03-21,2020-04-04,2,"10%",0.1,3.32420303172341,"ili perc","quantile","hhs3"
"HHS Region 3",2020-03-21,2020-04-04,2,"15%",0.15,3.40306741455765,"ili perc","quantile","hhs3"
"HHS Region 3",2020-03-21,2020-04-04,2,"20%",0.2,3.6563436210447,"ili perc","quantile","hhs3"
"HHS Region 3",2020-03-21,2020-04-04,2,"25%",0.25,3.88161315181424,"ili perc","quantile","hhs3"
"HHS Region 3",2020-03-21,2020-04-04,2,"30%",0.3,4.00481430275886,"ili perc","quantile","hhs3"
"HHS Region 3",2020-03-21,2020-04-04,2,"35%",0.35,4.16670885926237,"ili perc","quantile","hhs3"
"HHS Region 3",2020-03-21,2020-04-04,2,"40%",0.4,4.30297529777602,"ili perc","quantile","hhs3"
"HHS Region 3",2020-03-21,2020-04-04,2,"45%",0.45,4.50512795633301,"ili perc","quantile","hhs3"
"HHS Region 3",2020-03-21,2020-04-04,2,"50%",0.5,934.385178633191,"ili perc","quantile","hhs3"
"HHS Region 3",2020-03-21,2020-04-04,2,"55%",0.55,934.385178633191,"ili perc","quantile","hhs3"
"HHS Region 3",2020-03-21,2020-04-04,2,"60%",0.6,934.385178633191,"ili perc","quantile","hhs3"
"HHS Region 3",2020-03-21,2020-04-04,2,"65%",0.65,934.385178633191,"ili perc","quantile","hhs3"
"HHS Region 3",2020-03-21,2020-04-04,2,"70%",0.7,934.385178633191,"ili perc","quantile","hhs3"
"HHS Region 3",2020-03-21,2020-04-04,2,"75%",0.75,934.385178633191,"ili perc","quantile","hhs3"
"HHS Region 3",2020-03-21,2020-04-04,2,"80%",0.8,934.385178633191,"ili perc","quantile","hhs3"
"HHS Region 3",2020-03-21,2020-04-04,2,"85%",0.85,934.385178633191,"ili perc","quantile","hhs3"
"HHS Region 3",2020-03-21,2020-04-04,2,"90%",0.9,934.385178633191,"ili perc","quantile","hhs3"
"HHS Region 3",2020-03-21,2020-04-04,2,"95%",0.95,934.385178633191,"ili perc","quantile","hhs3"
"HHS Region 3",2020-03-21,2020-04-04,2,"97.5%",0.975,934.385178633191,"ili perc","quantile","hhs3"
"HHS Region 3",2020-03-21,2020-04-04,2,"99%",0.99,934.385178633191,"ili perc","quantile","hhs3"
"HHS Region 3",2020-03-21,2020-04-11,3,"1%",0.01,2.39145293396859,"ili perc","quantile","hhs3"
"HHS Region 3",2020-03-21,2020-04-11,3,"2.5%",0.025,2.47142819782914,"ili perc","quantile","hhs3"
"HHS Region 3",2020-03-21,2020-04-11,3,"5%",0.05,2.77296279084669,"ili perc","quantile","hhs3"
"HHS Region 3",2020-03-21,2020-04-11,3,"10%",0.1,3.18851498517563,"ili perc","quantile","hhs3"
"HHS Region 3",2020-03-21,2020-04-11,3,"15%",0.15,3.26234548486195,"ili perc","quantile","hhs3"
"HHS Region 3",2020-03-21,2020-04-11,3,"20%",0.2,3.52292567999154,"ili perc","quantile","hhs3"
"HHS Region 3",2020-03-21,2020-04-11,3,"25%",0.25,3.74440056356809,"ili perc","quantile","hhs3"
"HHS Region 3",2020-03-21,2020-04-11,3,"30%",0.3,3.87947938037928,"ili perc","quantile","hhs3"
"HHS Region 3",2020-03-21,2020-04-11,3,"35%",0.35,4.05266469179571,"ili perc","quantile","hhs3"
"HHS Region 3",2020-03-21,2020-04-11,3,"40%",0.4,4.18915978823475,"ili perc","quantile","hhs3"
"HHS Region 3",2020-03-21,2020-04-11,3,"45%",0.45,4.4030149167279,"ili perc","quantile","hhs3"
"HHS Region 3",2020-03-21,2020-04-11,3,"50%",0.5,576.770902337441,"ili perc","quantile","hhs3"
"HHS Region 3",2020-03-21,2020-04-11,3,"55%",0.55,576.770902337441,"ili perc","quantile","hhs3"
"HHS Region 3",2020-03-21,2020-04-11,3,"60%",0.6,576.770902337441,"ili perc","quantile","hhs3"
"HHS Region 3",2020-03-21,2020-04-11,3,"65%",0.65,576.770902337441,"ili perc","quantile","hhs3"
"HHS Region 3",2020-03-21,2020-04-11,3,"70%",0.7,576.770902337441,"ili perc","quantile","hhs3"
"HHS Region 3",2020-03-21,2020-04-11,3,"75%",0.75,576.770902337441,"ili perc","quantile","hhs3"
"HHS Region 3",2020-03-21,2020-04-11,3,"80%",0.8,576.770902337441,"ili perc","quantile","hhs3"
"HHS Region 3",2020-03-21,2020-04-11,3,"85%",0.85,576.770902337441,"ili perc","quantile","hhs3"
"HHS Region 3",2020-03-21,2020-04-11,3,"90%",0.9,576.770902337441,"ili perc","quantile","hhs3"
"HHS Region 3",2020-03-21,2020-04-11,3,"95%",0.95,576.770902337441,"ili perc","quantile","hhs3"
"HHS Region 3",2020-03-21,2020-04-11,3,"97.5%",0.975,576.770902337441,"ili perc","quantile","hhs3"
"HHS Region 3",2020-03-21,2020-04-11,3,"99%",0.99,576.770902337441,"ili perc","quantile","hhs3"
"HHS Region 3",2020-03-21,2020-04-18,4,"1%",0.01,2.25056246074132,"ili perc","quantile","hhs3"
"HHS Region 3",2020-03-21,2020-04-18,4,"2.5%",0.025,2.34432504434852,"ili perc","quantile","hhs3"
"HHS Region 3",2020-03-21,2020-04-18,4,"5%",0.05,2.64548921067217,"ili perc","quantile","hhs3"
"HHS Region 3",2020-03-21,2020-04-18,4,"10%",0.1,3.06927045900397,"ili perc","quantile","hhs3"
"HHS Region 3",2020-03-21,2020-04-18,4,"15%",0.15,3.13790873698082,"ili perc","quantile","hhs3"
"HHS Region 3",2020-03-21,2020-04-18,4,"20%",0.2,3.40528032483553,"ili perc","quantile","hhs3"
"HHS Region 3",2020-03-21,2020-04-18,4,"25%",0.25,3.62298580782311,"ili perc","quantile","hhs3"
"HHS Region 3",2020-03-21,2020-04-18,4,"30%",0.3,3.76845534817346,"ili perc","quantile","hhs3"
"HHS Region 3",2020-03-21,2020-04-18,4,"35%",0.35,3.95344697196413,"ili perc","quantile","hhs3"
"HHS Region 3",2020-03-21,2020-04-18,4,"40%",0.4,4.08972107563022,"ili perc","quantile","hhs3"
"HHS Region 3",2020-03-21,2020-04-18,4,"45%",0.45,4.31343939685024,"ili perc","quantile","hhs3"
"HHS Region 3",2020-03-21,2020-04-18,4,"50%",0.5,281.01060328931,"ili perc","quantile","hhs3"
"HHS Region 3",2020-03-21,2020-04-18,4,"55%",0.55,281.01060328931,"ili perc","quantile","hhs3"
"HHS Region 3",2020-03-21,2020-04-18,4,"60%",0.6,281.01060328931,"ili perc","quantile","hhs3"
"HHS Region 3",2020-03-21,2020-04-18,4,"65%",0.65,281.01060328931,"ili perc","quantile","hhs3"
"HHS Region 3",2020-03-21,2020-04-18,4,"70%",0.7,281.01060328931,"ili perc","quantile","hhs3"
"HHS Region 3",2020-03-21,2020-04-18,4,"75%",0.75,281.01060328931,"ili perc","quantile","hhs3"
"HHS Region 3",2020-03-21,2020-04-18,4,"80%",0.8,281.01060328931,"ili perc","quantile","hhs3"
"HHS Region 3",2020-03-21,2020-04-18,4,"85%",0.85,281.01060328931,"ili perc","quantile","hhs3"
"HHS Region 3",2020-03-21,2020-04-18,4,"90%",0.9,281.01060328931,"ili perc","quantile","hhs3"
"HHS Region 3",2020-03-21,2020-04-18,4,"95%",0.95,281.01060328931,"ili perc","quantile","hhs3"
"HHS Region 3",2020-03-21,2020-04-18,4,"97.5%",0.975,281.01060328931,"ili perc","quantile","hhs3"
"HHS Region 3",2020-03-21,2020-04-18,4,"99%",0.99,281.01060328931,"ili perc","quantile","hhs3"
"HHS Region 4",2020-03-21,2020-03-28,1,"1%",0.01,1.97848773994906,"ili perc","quantile","hhs4"
"HHS Region 4",2020-03-21,2020-03-28,1,"2.5%",0.025,2.06343222644125,"ili perc","quantile","hhs4"
"HHS Region 4",2020-03-21,2020-03-28,1,"5%",0.05,2.34415071003843,"ili perc","quantile","hhs4"
"HHS Region 4",2020-03-21,2020-03-28,1,"10%",0.1,2.65714664610175,"ili perc","quantile","hhs4"
"HHS Region 4",2020-03-21,2020-03-28,1,"15%",0.15,2.78585266305174,"ili perc","quantile","hhs4"
"HHS Region 4",2020-03-21,2020-03-28,1,"20%",0.2,2.98433096135943,"ili perc","quantile","hhs4"
"HHS Region 4",2020-03-21,2020-03-28,1,"25%",0.25,3.16775116735323,"ili perc","quantile","hhs4"
"HHS Region 4",2020-03-21,2020-03-28,1,"30%",0.3,3.30075196034375,"ili perc","quantile","hhs4"
"HHS Region 4",2020-03-21,2020-03-28,1,"35%",0.35,3.38955822439038,"ili perc","quantile","hhs4"
"HHS Region 4",2020-03-21,2020-03-28,1,"40%",0.4,3.48231120038383,"ili perc","quantile","hhs4"
"HHS Region 4",2020-03-21,2020-03-28,1,"45%",0.45,3.60276157436454,"ili perc","quantile","hhs4"
"HHS Region 4",2020-03-21,2020-03-28,1,"50%",0.5,848.317012994048,"ili perc","quantile","hhs4"
"HHS Region 4",2020-03-21,2020-03-28,1,"55%",0.55,848.317012994048,"ili perc","quantile","hhs4"
"HHS Region 4",2020-03-21,2020-03-28,1,"60%",0.6,848.317012994048,"ili perc","quantile","hhs4"
"HHS Region 4",2020-03-21,2020-03-28,1,"65%",0.65,848.317012994048,"ili perc","quantile","hhs4"
"HHS Region 4",2020-03-21,2020-03-28,1,"70%",0.7,848.317012994048,"ili perc","quantile","hhs4"
"HHS Region 4",2020-03-21,2020-03-28,1,"75%",0.75,848.317012994048,"ili perc","quantile","hhs4"
"HHS Region 4",2020-03-21,2020-03-28,1,"80%",0.8,848.317012994048,"ili perc","quantile","hhs4"
"HHS Region 4",2020-03-21,2020-03-28,1,"85%",0.85,848.317012994048,"ili perc","quantile","hhs4"
"HHS Region 4",2020-03-21,2020-03-28,1,"90%",0.9,848.317012994048,"ili perc","quantile","hhs4"
"HHS Region 4",2020-03-21,2020-03-28,1,"95%",0.95,848.317012994048,"ili perc","quantile","hhs4"
"HHS Region 4",2020-03-21,2020-03-28,1,"97.5%",0.975,848.317012994048,"ili perc","quantile","hhs4"
"HHS Region 4",2020-03-21,2020-03-28,1,"99%",0.99,848.317012994048,"ili perc","quantile","hhs4"
"HHS Region 4",2020-03-21,2020-04-04,2,"1%",0.01,1.90473952018715,"ili perc","quantile","hhs4"
"HHS Region 4",2020-03-21,2020-04-04,2,"2.5%",0.025,2.00521512848275,"ili perc","quantile","hhs4"
"HHS Region 4",2020-03-21,2020-04-04,2,"5%",0.05,2.27472023486962,"ili perc","quantile","hhs4"
"HHS Region 4",2020-03-21,2020-04-04,2,"10%",0.1,2.58155082377743,"ili perc","quantile","hhs4"
"HHS Region 4",2020-03-21,2020-04-04,2,"15%",0.15,2.70464431528592,"ili perc","quantile","hhs4"
"HHS Region 4",2020-03-21,2020-04-04,2,"20%",0.2,2.90855333981392,"ili perc","quantile","hhs4"
"HHS Region 4",2020-03-21,2020-04-04,2,"25%",0.25,3.08827116137638,"ili perc","quantile","hhs4"
"HHS Region 4",2020-03-21,2020-04-04,2,"30%",0.3,3.22771564565289,"ili perc","quantile","hhs4"
"HHS Region 4",2020-03-21,2020-04-04,2,"35%",0.35,3.3296967498834,"ili perc","quantile","hhs4"
"HHS Region 4",2020-03-21,2020-04-04,2,"40%",0.4,3.42103515230633,"ili perc","quantile","hhs4"
"HHS Region 4",2020-03-21,2020-04-04,2,"45%",0.45,3.5464664271226,"ili perc","quantile","hhs4"
"HHS Region 4",2020-03-21,2020-04-04,2,"50%",0.5,716.74576062732,"ili perc","quantile","hhs4"
"HHS Region 4",2020-03-21,2020-04-04,2,"55%",0.55,716.74576062732,"ili perc","quantile","hhs4"
"HHS Region 4",2020-03-21,2020-04-04,2,"60%",0.6,716.74576062732,"ili perc","quantile","hhs4"
"HHS Region 4",2020-03-21,2020-04-04,2,"65%",0.65,716.74576062732,"ili perc","quantile","hhs4"
"HHS Region 4",2020-03-21,2020-04-04,2,"70%",0.7,716.74576062732,"ili perc","quantile","hhs4"
"HHS Region 4",2020-03-21,2020-04-04,2,"75%",0.75,716.74576062732,"ili perc","quantile","hhs4"
"HHS Region 4",2020-03-21,2020-04-04,2,"80%",0.8,716.74576062732,"ili perc","quantile","hhs4"
"HHS Region 4",2020-03-21,2020-04-04,2,"85%",0.85,716.74576062732,"ili perc","quantile","hhs4"
"HHS Region 4",2020-03-21,2020-04-04,2,"90%",0.9,716.74576062732,"ili perc","quantile","hhs4"
"HHS Region 4",2020-03-21,2020-04-04,2,"95%",0.95,716.74576062732,"ili perc","quantile","hhs4"
"HHS Region 4",2020-03-21,2020-04-04,2,"97.5%",0.975,716.74576062732,"ili perc","quantile","hhs4"
"HHS Region 4",2020-03-21,2020-04-04,2,"99%",0.99,716.74576062732,"ili perc","quantile","hhs4"
"HHS Region 4",2020-03-21,2020-04-11,3,"1%",0.01,1.88000425149482,"ili perc","quantile","hhs4"
"HHS Region 4",2020-03-21,2020-04-11,3,"2.5%",0.025,1.99728393387761,"ili perc","quantile","hhs4"
"HHS Region 4",2020-03-21,2020-04-11,3,"5%",0.05,2.24766045354488,"ili perc","quantile","hhs4"
"HHS Region 4",2020-03-21,2020-04-11,3,"10%",0.1,2.53781797410443,"ili perc","quantile","hhs4"
"HHS Region 4",2020-03-21,2020-04-11,3,"15%",0.15,2.65499212404325,"ili perc","quantile","hhs4"
"HHS Region 4",2020-03-21,2020-04-11,3,"20%",0.2,2.86333860635932,"ili perc","quantile","hhs4"
"HHS Region 4",2020-03-21,2020-04-11,3,"25%",0.25,3.0394029643935,"ili perc","quantile","hhs4"
"HHS Region 4",2020-03-21,2020-04-11,3,"30%",0.3,3.18240985896318,"ili perc","quantile","hhs4"
"HHS Region 4",2020-03-21,2020-04-11,3,"35%",0.35,3.29856481045806,"ili perc","quantile","hhs4"
"HHS Region 4",2020-03-21,2020-04-11,3,"40%",0.4,3.38761734121965,"ili perc","quantile","hhs4"
"HHS Region 4",2020-03-21,2020-04-11,3,"45%",0.45,3.51446550879564,"ili perc","quantile","hhs4"
"HHS Region 4",2020-03-21,2020-04-11,3,"50%",0.5,705.030326256119,"ili perc","quantile","hhs4"
"HHS Region 4",2020-03-21,2020-04-11,3,"55%",0.55,705.030326256119,"ili perc","quantile","hhs4"
"HHS Region 4",2020-03-21,2020-04-11,3,"60%",0.6,705.030326256119,"ili perc","quantile","hhs4"
"HHS Region 4",2020-03-21,2020-04-11,3,"65%",0.65,705.030326256119,"ili perc","quantile","hhs4"
"HHS Region 4",2020-03-21,2020-04-11,3,"70%",0.7,705.030326256119,"ili perc","quantile","hhs4"
"HHS Region 4",2020-03-21,2020-04-11,3,"75%",0.75,705.030326256119,"ili perc","quantile","hhs4"
"HHS Region 4",2020-03-21,2020-04-11,3,"80%",0.8,705.030326256119,"ili perc","quantile","hhs4"
"HHS Region 4",2020-03-21,2020-04-11,3,"85%",0.85,705.030326256119,"ili perc","quantile","hhs4"
"HHS Region 4",2020-03-21,2020-04-11,3,"90%",0.9,705.030326256119,"ili perc","quantile","hhs4"
"HHS Region 4",2020-03-21,2020-04-11,3,"95%",0.95,705.030326256119,"ili perc","quantile","hhs4"
"HHS Region 4",2020-03-21,2020-04-11,3,"97.5%",0.975,705.030326256119,"ili perc","quantile","hhs4"
"HHS Region 4",2020-03-21,2020-04-11,3,"99%",0.99,705.030326256119,"ili perc","quantile","hhs4"
"HHS Region 4",2020-03-21,2020-04-18,4,"1%",0.01,1.97976161118447,"ili perc","quantile","hhs4"
"HHS Region 4",2020-03-21,2020-04-18,4,"2.5%",0.025,2.11707865951155,"ili perc","quantile","hhs4"
"HHS Region 4",2020-03-21,2020-04-18,4,"5%",0.05,2.32822200347812,"ili perc","quantile","hhs4"
"HHS Region 4",2020-03-21,2020-04-18,4,"10%",0.1,2.57501690117317,"ili perc","quantile","hhs4"
"HHS Region 4",2020-03-21,2020-04-18,4,"15%",0.15,2.68549239825006,"ili perc","quantile","hhs4"
"HHS Region 4",2020-03-21,2020-04-18,4,"20%",0.2,2.89575344195453,"ili perc","quantile","hhs4"
"HHS Region 4",2020-03-21,2020-04-18,4,"25%",0.25,3.06828859528662,"ili perc","quantile","hhs4"
"HHS Region 4",2020-03-21,2020-04-18,4,"30%",0.3,3.20753946214404,"ili perc","quantile","hhs4"
"HHS Region 4",2020-03-21,2020-04-18,4,"35%",0.35,3.34040573343816,"ili perc","quantile","hhs4"
"HHS Region 4",2020-03-21,2020-04-18,4,"40%",0.4,3.42495930014104,"ili perc","quantile","hhs4"
"HHS Region 4",2020-03-21,2020-04-18,4,"45%",0.45,3.54417179940333,"ili perc","quantile","hhs4"
"HHS Region 4",2020-03-21,2020-04-18,4,"50%",0.5,997.748015854721,"ili perc","quantile","hhs4"
"HHS Region 4",2020-03-21,2020-04-18,4,"55%",0.55,997.748015854721,"ili perc","quantile","hhs4"
"HHS Region 4",2020-03-21,2020-04-18,4,"60%",0.6,997.748015854721,"ili perc","quantile","hhs4"
"HHS Region 4",2020-03-21,2020-04-18,4,"65%",0.65,997.748015854721,"ili perc","quantile","hhs4"
"HHS Region 4",2020-03-21,2020-04-18,4,"70%",0.7,997.748015854721,"ili perc","quantile","hhs4"
"HHS Region 4",2020-03-21,2020-04-18,4,"75%",0.75,997.748015854721,"ili perc","quantile","hhs4"
"HHS Region 4",2020-03-21,2020-04-18,4,"80%",0.8,997.748015854721,"ili perc","quantile","hhs4"
"HHS Region 4",2020-03-21,2020-04-18,4,"85%",0.85,997.748015854721,"ili perc","quantile","hhs4"
"HHS Region 4",2020-03-21,2020-04-18,4,"90%",0.9,997.748015854721,"ili perc","quantile","hhs4"
"HHS Region 4",2020-03-21,2020-04-18,4,"95%",0.95,997.748015854721,"ili perc","quantile","hhs4"
"HHS Region 4",2020-03-21,2020-04-18,4,"97.5%",0.975,997.748015854721,"ili perc","quantile","hhs4"
"HHS Region 4",2020-03-21,2020-04-18,4,"99%",0.99,997.748015854721,"ili perc","quantile","hhs4"
"HHS Region 5",2020-03-21,2020-03-28,1,"1%",0.01,1.67585128161187,"ili perc","quantile","hhs5"
"HHS Region 5",2020-03-21,2020-03-28,1,"2.5%",0.025,1.70407984257133,"ili perc","quantile","hhs5"
"HHS Region 5",2020-03-21,2020-03-28,1,"5%",0.05,1.90015709104836,"ili perc","quantile","hhs5"
"HHS Region 5",2020-03-21,2020-03-28,1,"10%",0.1,2.19133269059256,"ili perc","quantile","hhs5"
"HHS Region 5",2020-03-21,2020-03-28,1,"15%",0.15,2.25457823660344,"ili perc","quantile","hhs5"
"HHS Region 5",2020-03-21,2020-03-28,1,"20%",0.2,2.39959996443849,"ili perc","quantile","hhs5"
"HHS Region 5",2020-03-21,2020-03-28,1,"25%",0.25,2.57079532135447,"ili perc","quantile","hhs5"
"HHS Region 5",2020-03-21,2020-03-28,1,"30%",0.3,2.67027663188753,"ili perc","quantile","hhs5"
"HHS Region 5",2020-03-21,2020-03-28,1,"35%",0.35,2.73081919250211,"ili perc","quantile","hhs5"
"HHS Region 5",2020-03-21,2020-03-28,1,"40%",0.4,2.82071042000263,"ili perc","quantile","hhs5"
"HHS Region 5",2020-03-21,2020-03-28,1,"45%",0.45,2.92328076800959,"ili perc","quantile","hhs5"
"HHS Region 5",2020-03-21,2020-03-28,1,"50%",0.5,334.723507298863,"ili perc","quantile","hhs5"
"HHS Region 5",2020-03-21,2020-03-28,1,"55%",0.55,334.723507298863,"ili perc","quantile","hhs5"
"HHS Region 5",2020-03-21,2020-03-28,1,"60%",0.6,334.723507298863,"ili perc","quantile","hhs5"
"HHS Region 5",2020-03-21,2020-03-28,1,"65%",0.65,334.723507298863,"ili perc","quantile","hhs5"
"HHS Region 5",2020-03-21,2020-03-28,1,"70%",0.7,334.723507298863,"ili perc","quantile","hhs5"
"HHS Region 5",2020-03-21,2020-03-28,1,"75%",0.75,334.723507298863,"ili perc","quantile","hhs5"
"HHS Region 5",2020-03-21,2020-03-28,1,"80%",0.8,334.723507298863,"ili perc","quantile","hhs5"
"HHS Region 5",2020-03-21,2020-03-28,1,"85%",0.85,334.723507298863,"ili perc","quantile","hhs5"
"HHS Region 5",2020-03-21,2020-03-28,1,"90%",0.9,334.723507298863,"ili perc","quantile","hhs5"
"HHS Region 5",2020-03-21,2020-03-28,1,"95%",0.95,334.723507298863,"ili perc","quantile","hhs5"
"HHS Region 5",2020-03-21,2020-03-28,1,"97.5%",0.975,334.723507298863,"ili perc","quantile","hhs5"
"HHS Region 5",2020-03-21,2020-03-28,1,"99%",0.99,334.723507298863,"ili perc","quantile","hhs5"
"HHS Region 5",2020-03-21,2020-04-04,2,"1%",0.01,1.59605548390388,"ili perc","quantile","hhs5"
"HHS Region 5",2020-03-21,2020-04-04,2,"2.5%",0.025,1.63965810046304,"ili perc","quantile","hhs5"
"HHS Region 5",2020-03-21,2020-04-04,2,"5%",0.05,1.82549860842303,"ili perc","quantile","hhs5"
"HHS Region 5",2020-03-21,2020-04-04,2,"10%",0.1,2.11180538064099,"ili perc","quantile","hhs5"
"HHS Region 5",2020-03-21,2020-04-04,2,"15%",0.15,2.16947625843807,"ili perc","quantile","hhs5"
"HHS Region 5",2020-03-21,2020-04-04,2,"20%",0.2,2.32005126924901,"ili perc","quantile","hhs5"
"HHS Region 5",2020-03-21,2020-04-04,2,"25%",0.25,2.48753820551337,"ili perc","quantile","hhs5"
"HHS Region 5",2020-03-21,2020-04-04,2,"30%",0.3,2.59381872094676,"ili perc","quantile","hhs5"
"HHS Region 5",2020-03-21,2020-04-04,2,"35%",0.35,2.66741285691322,"ili perc","quantile","hhs5"
"HHS Region 5",2020-03-21,2020-04-04,2,"40%",0.4,2.75599701800186,"ili perc","quantile","hhs5"
"HHS Region 5",2020-03-21,2020-04-04,2,"45%",0.45,2.86398802034154,"ili perc","quantile","hhs5"
"HHS Region 5",2020-03-21,2020-04-04,2,"50%",0.5,188.36356366151,"ili perc","quantile","hhs5"
"HHS Region 5",2020-03-21,2020-04-04,2,"55%",0.55,188.36356366151,"ili perc","quantile","hhs5"
"HHS Region 5",2020-03-21,2020-04-04,2,"60%",0.6,188.36356366151,"ili perc","quantile","hhs5"
"HHS Region 5",2020-03-21,2020-04-04,2,"65%",0.65,188.36356366151,"ili perc","quantile","hhs5"
"HHS Region 5",2020-03-21,2020-04-04,2,"70%",0.7,188.36356366151,"ili perc","quantile","hhs5"
"HHS Region 5",2020-03-21,2020-04-04,2,"75%",0.75,188.36356366151,"ili perc","quantile","hhs5"
"HHS Region 5",2020-03-21,2020-04-04,2,"80%",0.8,188.36356366151,"ili perc","quantile","hhs5"
"HHS Region 5",2020-03-21,2020-04-04,2,"85%",0.85,188.36356366151,"ili perc","quantile","hhs5"
"HHS Region 5",2020-03-21,2020-04-04,2,"90%",0.9,188.36356366151,"ili perc","quantile","hhs5"
"HHS Region 5",2020-03-21,2020-04-04,2,"95%",0.95,188.36356366151,"ili perc","quantile","hhs5"
"HHS Region 5",2020-03-21,2020-04-04,2,"97.5%",0.975,188.36356366151,"ili perc","quantile","hhs5"
"HHS Region 5",2020-03-21,2020-04-04,2,"99%",0.99,188.36356366151,"ili perc","quantile","hhs5"
"HHS Region 5",2020-03-21,2020-04-11,3,"1%",0.01,1.53461424097657,"ili perc","quantile","hhs5"
"HHS Region 5",2020-03-21,2020-04-11,3,"2.5%",0.025,1.59406761310798,"ili perc","quantile","hhs5"
"HHS Region 5",2020-03-21,2020-04-11,3,"5%",0.05,1.7667072630399,"ili perc","quantile","hhs5"
"HHS Region 5",2020-03-21,2020-04-11,3,"10%",0.1,2.04421023686679,"ili perc","quantile","hhs5"
"HHS Region 5",2020-03-21,2020-04-11,3,"15%",0.15,2.09619154878924,"ili perc","quantile","hhs5"
"HHS Region 5",2020-03-21,2020-04-11,3,"20%",0.2,2.25194787966714,"ili perc","quantile","hhs5"
"HHS Region 5",2020-03-21,2020-04-11,3,"25%",0.25,2.41574471536424,"ili perc","quantile","hhs5"
"HHS Region 5",2020-03-21,2020-04-11,3,"30%",0.3,2.52774544272428,"ili perc","quantile","hhs5"
"HHS Region 5",2020-03-21,2020-04-11,3,"35%",0.35,2.61476526598194,"ili perc","quantile","hhs5"
"HHS Region 5",2020-03-21,2020-04-11,3,"40%",0.4,2.70171607366363,"ili perc","quantile","hhs5"
"HHS Region 5",2020-03-21,2020-04-11,3,"45%",0.45,2.81379306714922,"ili perc","quantile","hhs5"
"HHS Region 5",2020-03-21,2020-04-11,3,"50%",0.5,86.8876788124443,"ili perc","quantile","hhs5"
"HHS Region 5",2020-03-21,2020-04-11,3,"55%",0.55,86.8876788124443,"ili perc","quantile","hhs5"
"HHS Region 5",2020-03-21,2020-04-11,3,"60%",0.6,86.8876788124443,"ili perc","quantile","hhs5"
"HHS Region 5",2020-03-21,2020-04-11,3,"65%",0.65,86.8876788124443,"ili perc","quantile","hhs5"
"HHS Region 5",2020-03-21,2020-04-11,3,"70%",0.7,86.8876788124443,"ili perc","quantile","hhs5"
"HHS Region 5",2020-03-21,2020-04-11,3,"75%",0.75,86.8876788124443,"ili perc","quantile","hhs5"
"HHS Region 5",2020-03-21,2020-04-11,3,"80%",0.8,86.8876788124443,"ili perc","quantile","hhs5"
"HHS Region 5",2020-03-21,2020-04-11,3,"85%",0.85,86.8876788124443,"ili perc","quantile","hhs5"
"HHS Region 5",2020-03-21,2020-04-11,3,"90%",0.9,86.8876788124443,"ili perc","quantile","hhs5"
"HHS Region 5",2020-03-21,2020-04-11,3,"95%",0.95,86.8876788124443,"ili perc","quantile","hhs5"
"HHS Region 5",2020-03-21,2020-04-11,3,"97.5%",0.975,86.8876788124443,"ili perc","quantile","hhs5"
"HHS Region 5",2020-03-21,2020-04-11,3,"99%",0.99,86.8876788124443,"ili perc","quantile","hhs5"
"HHS Region 5",2020-03-21,2020-04-18,4,"1%",0.01,1.49553441580753,"ili perc","quantile","hhs5"
"HHS Region 5",2020-03-21,2020-04-18,4,"2.5%",0.025,1.57141930874111,"ili perc","quantile","hhs5"
"HHS Region 5",2020-03-21,2020-04-18,4,"5%",0.05,1.7272469059991,"ili perc","quantile","hhs5"
"HHS Region 5",2020-03-21,2020-04-18,4,"10%",0.1,1.99115209253716,"ili perc","quantile","hhs5"
"HHS Region 5",2020-03-21,2020-04-18,4,"15%",0.15,2.03730385836608,"ili perc","quantile","hhs5"
"HHS Region 5",2020-03-21,2020-04-18,4,"20%",0.2,2.19778834560893,"ili perc","quantile","hhs5"
"HHS Region 5",2020-03-21,2020-04-18,4,"25%",0.25,2.35791740016084,"ili perc","quantile","hhs5"
"HHS Region 5",2020-03-21,2020-04-18,4,"30%",0.3,2.47432379856502,"ili perc","quantile","hhs5"
"HHS Region 5",2020-03-21,2020-04-18,4,"35%",0.35,2.57522509098753,"ili perc","quantile","hhs5"
"HHS Region 5",2020-03-21,2020-04-18,4,"40%",0.4,2.66014502868396,"ili perc","quantile","hhs5"
"HHS Region 5",2020-03-21,2020-04-18,4,"45%",0.45,2.77468198852532,"ili perc","quantile","hhs5"
"HHS Region 5",2020-03-21,2020-04-18,4,"50%",0.5,40.0941984801543,"ili perc","quantile","hhs5"
"HHS Region 5",2020-03-21,2020-04-18,4,"55%",0.55,40.0941984801543,"ili perc","quantile","hhs5"
"HHS Region 5",2020-03-21,2020-04-18,4,"60%",0.6,40.0941984801543,"ili perc","quantile","hhs5"
"HHS Region 5",2020-03-21,2020-04-18,4,"65%",0.65,40.0941984801543,"ili perc","quantile","hhs5"
"HHS Region 5",2020-03-21,2020-04-18,4,"70%",0.7,40.0941984801543,"ili perc","quantile","hhs5"
"HHS Region 5",2020-03-21,2020-04-18,4,"75%",0.75,40.0941984801543,"ili perc","quantile","hhs5"
"HHS Region 5",2020-03-21,2020-04-18,4,"80%",0.8,40.0941984801543,"ili perc","quantile","hhs5"
"HHS Region 5",2020-03-21,2020-04-18,4,"85%",0.85,40.0941984801543,"ili perc","quantile","hhs5"
"HHS Region 5",2020-03-21,2020-04-18,4,"90%",0.9,40.0941984801543,"ili perc","quantile","hhs5"
"HHS Region 5",2020-03-21,2020-04-18,4,"95%",0.95,40.0941984801543,"ili perc","quantile","hhs5"
"HHS Region 5",2020-03-21,2020-04-18,4,"97.5%",0.975,40.0941984801543,"ili perc","quantile","hhs5"
"HHS Region 5",2020-03-21,2020-04-18,4,"99%",0.99,40.0941984801543,"ili perc","quantile","hhs5"
"HHS Region 6",2020-03-21,2020-03-28,1,"1%",0.01,5.10308855255153,"ili perc","quantile","hhs6"
"HHS Region 6",2020-03-21,2020-03-28,1,"2.5%",0.025,5.20350280428102,"ili perc","quantile","hhs6"
"HHS Region 6",2020-03-21,2020-03-28,1,"5%",0.05,5.20350280428102,"ili perc","quantile","hhs6"
"HHS Region 6",2020-03-21,2020-03-28,1,"10%",0.1,5.20350280428102,"ili perc","quantile","hhs6"
"HHS Region 6",2020-03-21,2020-03-28,1,"15%",0.15,5.29790894630241,"ili perc","quantile","hhs6"
"HHS Region 6",2020-03-21,2020-03-28,1,"20%",0.2,5.49969013853479,"ili perc","quantile","hhs6"
"HHS Region 6",2020-03-21,2020-03-28,1,"25%",0.25,5.73181324001962,"ili perc","quantile","hhs6"
"HHS Region 6",2020-03-21,2020-03-28,1,"30%",0.3,5.75181816086751,"ili perc","quantile","hhs6"
"HHS Region 6",2020-03-21,2020-03-28,1,"35%",0.35,5.92536338671744,"ili perc","quantile","hhs6"
"HHS Region 6",2020-03-21,2020-03-28,1,"40%",0.4,6.0476870890343,"ili perc","quantile","hhs6"
"HHS Region 6",2020-03-21,2020-03-28,1,"45%",0.45,6.11668854701202,"ili perc","quantile","hhs6"
"HHS Region 6",2020-03-21,2020-03-28,1,"50%",0.5,5027.1720915792,"ili perc","quantile","hhs6"
"HHS Region 6",2020-03-21,2020-03-28,1,"55%",0.55,5027.1720915792,"ili perc","quantile","hhs6"
"HHS Region 6",2020-03-21,2020-03-28,1,"60%",0.6,5027.1720915792,"ili perc","quantile","hhs6"
"HHS Region 6",2020-03-21,2020-03-28,1,"65%",0.65,5027.1720915792,"ili perc","quantile","hhs6"
"HHS Region 6",2020-03-21,2020-03-28,1,"70%",0.7,5027.1720915792,"ili perc","quantile","hhs6"
"HHS Region 6",2020-03-21,2020-03-28,1,"75%",0.75,5027.1720915792,"ili perc","quantile","hhs6"
"HHS Region 6",2020-03-21,2020-03-28,1,"80%",0.8,5027.1720915792,"ili perc","quantile","hhs6"
"HHS Region 6",2020-03-21,2020-03-28,1,"85%",0.85,5027.1720915792,"ili perc","quantile","hhs6"
"HHS Region 6",2020-03-21,2020-03-28,1,"90%",0.9,5027.1720915792,"ili perc","quantile","hhs6"
"HHS Region 6",2020-03-21,2020-03-28,1,"95%",0.95,5027.1720915792,"ili perc","quantile","hhs6"
"HHS Region 6",2020-03-21,2020-03-28,1,"97.5%",0.975,5027.1720915792,"ili perc","quantile","hhs6"
"HHS Region 6",2020-03-21,2020-03-28,1,"99%",0.99,5027.1720915792,"ili perc","quantile","hhs6"
"HHS Region 6",2020-03-21,2020-04-04,2,"1%",0.01,4.8430060719229,"ili perc","quantile","hhs6"
"HHS Region 6",2020-03-21,2020-04-04,2,"2.5%",0.025,4.9657323897236,"ili perc","quantile","hhs6"
"HHS Region 6",2020-03-21,2020-04-04,2,"5%",0.05,4.9657323897236,"ili perc","quantile","hhs6"
"HHS Region 6",2020-03-21,2020-04-04,2,"10%",0.1,5.00240980735634,"ili perc","quantile","hhs6"
"HHS Region 6",2020-03-21,2020-04-04,2,"15%",0.15,5.09673244780879,"ili perc","quantile","hhs6"
"HHS Region 6",2020-03-21,2020-04-04,2,"20%",0.2,5.30772050981341,"ili perc","quantile","hhs6"
"HHS Region 6",2020-03-21,2020-04-04,2,"25%",0.25,5.53595524254888,"ili perc","quantile","hhs6"
"HHS Region 6",2020-03-21,2020-04-04,2,"30%",0.3,5.57335772202623,"ili perc","quantile","hhs6"
"HHS Region 6",2020-03-21,2020-04-04,2,"35%",0.35,5.75627982768765,"ili perc","quantile","hhs6"
"HHS Region 6",2020-03-21,2020-04-04,2,"40%",0.4,5.88050140104588,"ili perc","quantile","hhs6"
"HHS Region 6",2020-03-21,2020-04-04,2,"45%",0.45,5.96803317478043,"ili perc","quantile","hhs6"
"HHS Region 6",2020-03-21,2020-04-04,2,"50%",0.5,4439.94075816512,"ili perc","quantile","hhs6"
"HHS Region 6",2020-03-21,2020-04-04,2,"55%",0.55,4439.94075816512,"ili perc","quantile","hhs6"
"HHS Region 6",2020-03-21,2020-04-04,2,"60%",0.6,4439.94075816512,"ili perc","quantile","hhs6"
"HHS Region 6",2020-03-21,2020-04-04,2,"65%",0.65,4439.94075816512,"ili perc","quantile","hhs6"
"HHS Region 6",2020-03-21,2020-04-04,2,"70%",0.7,4439.94075816512,"ili perc","quantile","hhs6"
"HHS Region 6",2020-03-21,2020-04-04,2,"75%",0.75,4439.94075816512,"ili perc","quantile","hhs6"
"HHS Region 6",2020-03-21,2020-04-04,2,"80%",0.8,4439.94075816512,"ili perc","quantile","hhs6"
"HHS Region 6",2020-03-21,2020-04-04,2,"85%",0.85,4439.94075816512,"ili perc","quantile","hhs6"
"HHS Region 6",2020-03-21,2020-04-04,2,"90%",0.9,4439.94075816512,"ili perc","quantile","hhs6"
"HHS Region 6",2020-03-21,2020-04-04,2,"95%",0.95,4439.94075816512,"ili perc","quantile","hhs6"
"HHS Region 6",2020-03-21,2020-04-04,2,"97.5%",0.975,4439.94075816512,"ili perc","quantile","hhs6"
"HHS Region 6",2020-03-21,2020-04-04,2,"99%",0.99,4439.94075816512,"ili perc","quantile","hhs6"
"HHS Region 6",2020-03-21,2020-04-11,3,"1%",0.01,4.47006733788567,"ili perc","quantile","hhs6"
"HHS Region 6",2020-03-21,2020-04-11,3,"2.5%",0.025,4.619106054432,"ili perc","quantile","hhs6"
"HHS Region 6",2020-03-21,2020-04-11,3,"5%",0.05,4.619106054432,"ili perc","quantile","hhs6"
"HHS Region 6",2020-03-21,2020-04-11,3,"10%",0.1,4.73231234891728,"ili perc","quantile","hhs6"
"HHS Region 6",2020-03-21,2020-04-11,3,"15%",0.15,4.82289536635881,"ili perc","quantile","hhs6"
"HHS Region 6",2020-03-21,2020-04-11,3,"20%",0.2,5.04537737841611,"ili perc","quantile","hhs6"
"HHS Region 6",2020-03-21,2020-04-11,3,"25%",0.25,5.26961109809736,"ili perc","quantile","hhs6"
"HHS Region 6",2020-03-21,2020-04-11,3,"30%",0.3,5.33104551692804,"ili perc","quantile","hhs6"
"HHS Region 6",2020-03-21,2020-04-11,3,"35%",0.35,5.52104420842306,"ili perc","quantile","hhs6"
"HHS Region 6",2020-03-21,2020-04-11,3,"40%",0.4,5.64916988660343,"ili perc","quantile","hhs6"
"HHS Region 6",2020-03-21,2020-04-11,3,"45%",0.45,5.76343839072024,"ili perc","quantile","hhs6"
"HHS Region 6",2020-03-21,2020-04-11,3,"50%",0.5,3576.73178470105,"ili perc","quantile","hhs6"
"HHS Region 6",2020-03-21,2020-04-11,3,"55%",0.55,3576.73178470105,"ili perc","quantile","hhs6"
"HHS Region 6",2020-03-21,2020-04-11,3,"60%",0.6,3576.73178470105,"ili perc","quantile","hhs6"
"HHS Region 6",2020-03-21,2020-04-11,3,"65%",0.65,3576.73178470105,"ili perc","quantile","hhs6"
"HHS Region 6",2020-03-21,2020-04-11,3,"70%",0.7,3576.73178470105,"ili perc","quantile","hhs6"
"HHS Region 6",2020-03-21,2020-04-11,3,"75%",0.75,3576.73178470105,"ili perc","quantile","hhs6"
"HHS Region 6",2020-03-21,2020-04-11,3,"80%",0.8,3576.73178470105,"ili perc","quantile","hhs6"
"HHS Region 6",2020-03-21,2020-04-11,3,"85%",0.85,3576.73178470105,"ili perc","quantile","hhs6"
"HHS Region 6",2020-03-21,2020-04-11,3,"90%",0.9,3576.73178470105,"ili perc","quantile","hhs6"
"HHS Region 6",2020-03-21,2020-04-11,3,"95%",0.95,3576.73178470105,"ili perc","quantile","hhs6"
"HHS Region 6",2020-03-21,2020-04-11,3,"97.5%",0.975,3576.73178470105,"ili perc","quantile","hhs6"
"HHS Region 6",2020-03-21,2020-04-11,3,"99%",0.99,3576.73178470105,"ili perc","quantile","hhs6"
"HHS Region 6",2020-03-21,2020-04-18,4,"1%",0.01,4.48643229281697,"ili perc","quantile","hhs6"
"HHS Region 6",2020-03-21,2020-04-18,4,"2.5%",0.025,4.64045955211168,"ili perc","quantile","hhs6"
"HHS Region 6",2020-03-21,2020-04-18,4,"5%",0.05,4.64045955211168,"ili perc","quantile","hhs6"
"HHS Region 6",2020-03-21,2020-04-18,4,"10%",0.1,4.71529846377734,"ili perc","quantile","hhs6"
"HHS Region 6",2020-03-21,2020-04-18,4,"15%",0.15,4.79970485639615,"ili perc","quantile","hhs6"
"HHS Region 6",2020-03-21,2020-04-18,4,"20%",0.2,5.02579141261776,"ili perc","quantile","hhs6"
"HHS Region 6",2020-03-21,2020-04-18,4,"25%",0.25,5.24641269180711,"ili perc","quantile","hhs6"
"HHS Region 6",2020-03-21,2020-04-18,4,"30%",0.3,5.30899339844609,"ili perc","quantile","hhs6"
"HHS Region 6",2020-03-21,2020-04-18,4,"35%",0.35,5.51400366302096,"ili perc","quantile","hhs6"
"HHS Region 6",2020-03-21,2020-04-18,4,"40%",0.4,5.63911283517473,"ili perc","quantile","hhs6"
"HHS Region 6",2020-03-21,2020-04-18,4,"45%",0.45,5.75180960301122,"ili perc","quantile","hhs6"
"HHS Region 6",2020-03-21,2020-04-18,4,"50%",0.5,3665.52245768901,"ili perc","quantile","hhs6"
"HHS Region 6",2020-03-21,2020-04-18,4,"55%",0.55,3665.52245768901,"ili perc","quantile","hhs6"
"HHS Region 6",2020-03-21,2020-04-18,4,"60%",0.6,3665.52245768901,"ili perc","quantile","hhs6"
"HHS Region 6",2020-03-21,2020-04-18,4,"65%",0.65,3665.52245768901,"ili perc","quantile","hhs6"
"HHS Region 6",2020-03-21,2020-04-18,4,"70%",0.7,3665.52245768901,"ili perc","quantile","hhs6"
"HHS Region 6",2020-03-21,2020-04-18,4,"75%",0.75,3665.52245768901,"ili perc","quantile","hhs6"
"HHS Region 6",2020-03-21,2020-04-18,4,"80%",0.8,3665.52245768901,"ili perc","quantile","hhs6"
"HHS Region 6",2020-03-21,2020-04-18,4,"85%",0.85,3665.52245768901,"ili perc","quantile","hhs6"
"HHS Region 6",2020-03-21,2020-04-18,4,"90%",0.9,3665.52245768901,"ili perc","quantile","hhs6"
"HHS Region 6",2020-03-21,2020-04-18,4,"95%",0.95,3665.52245768901,"ili perc","quantile","hhs6"
"HHS Region 6",2020-03-21,2020-04-18,4,"97.5%",0.975,3665.52245768901,"ili perc","quantile","hhs6"
"HHS Region 6",2020-03-21,2020-04-18,4,"99%",0.99,3665.52245768901,"ili perc","quantile","hhs6"
"HHS Region 7",2020-03-21,2020-03-28,1,"1%",0.01,2.05192788666903,"ili perc","quantile","hhs7"
"HHS Region 7",2020-03-21,2020-03-28,1,"2.5%",0.025,2.05192788666903,"ili perc","quantile","hhs7"
"HHS Region 7",2020-03-21,2020-03-28,1,"5%",0.05,2.09552816225369,"ili perc","quantile","hhs7"
"HHS Region 7",2020-03-21,2020-03-28,1,"10%",0.1,2.38887512227018,"ili perc","quantile","hhs7"
"HHS Region 7",2020-03-21,2020-03-28,1,"15%",0.15,2.4298574237705,"ili perc","quantile","hhs7"
"HHS Region 7",2020-03-21,2020-03-28,1,"20%",0.2,2.61302803892386,"ili perc","quantile","hhs7"
"HHS Region 7",2020-03-21,2020-03-28,1,"25%",0.25,2.80370085443258,"ili perc","quantile","hhs7"
"HHS Region 7",2020-03-21,2020-03-28,1,"30%",0.3,2.87195352648973,"ili perc","quantile","hhs7"
"HHS Region 7",2020-03-21,2020-03-28,1,"35%",0.35,2.90560990265726,"ili perc","quantile","hhs7"
"HHS Region 7",2020-03-21,2020-03-28,1,"40%",0.4,2.95889080903908,"ili perc","quantile","hhs7"
"HHS Region 7",2020-03-21,2020-03-28,1,"45%",0.45,3.07548807679029,"ili perc","quantile","hhs7"
"HHS Region 7",2020-03-21,2020-03-28,1,"50%",0.5,762.068946654082,"ili perc","quantile","hhs7"
"HHS Region 7",2020-03-21,2020-03-28,1,"55%",0.55,762.068946654082,"ili perc","quantile","hhs7"
"HHS Region 7",2020-03-21,2020-03-28,1,"60%",0.6,762.068946654082,"ili perc","quantile","hhs7"
"HHS Region 7",2020-03-21,2020-03-28,1,"65%",0.65,762.068946654082,"ili perc","quantile","hhs7"
"HHS Region 7",2020-03-21,2020-03-28,1,"70%",0.7,762.068946654082,"ili perc","quantile","hhs7"
"HHS Region 7",2020-03-21,2020-03-28,1,"75%",0.75,762.068946654082,"ili perc","quantile","hhs7"
"HHS Region 7",2020-03-21,2020-03-28,1,"80%",0.8,762.068946654082,"ili perc","quantile","hhs7"
"HHS Region 7",2020-03-21,2020-03-28,1,"85%",0.85,762.068946654082,"ili perc","quantile","hhs7"
"HHS Region 7",2020-03-21,2020-03-28,1,"90%",0.9,762.068946654082,"ili perc","quantile","hhs7"
"HHS Region 7",2020-03-21,2020-03-28,1,"95%",0.95,762.068946654082,"ili perc","quantile","hhs7"
"HHS Region 7",2020-03-21,2020-03-28,1,"97.5%",0.975,762.068946654082,"ili perc","quantile","hhs7"
"HHS Region 7",2020-03-21,2020-03-28,1,"99%",0.99,762.068946654082,"ili perc","quantile","hhs7"
"HHS Region 7",2020-03-21,2020-04-04,2,"1%",0.01,1.92858875935056,"ili perc","quantile","hhs7"
"HHS Region 7",2020-03-21,2020-04-04,2,"2.5%",0.025,1.92858875935056,"ili perc","quantile","hhs7"
"HHS Region 7",2020-03-21,2020-04-04,2,"5%",0.05,1.97714982400771,"ili perc","quantile","hhs7"
"HHS Region 7",2020-03-21,2020-04-04,2,"10%",0.1,2.27647026329623,"ili perc","quantile","hhs7"
"HHS Region 7",2020-03-21,2020-04-04,2,"15%",0.15,2.31219448230769,"ili perc","quantile","hhs7"
"HHS Region 7",2020-03-21,2020-04-04,2,"20%",0.2,2.50194327638513,"ili perc","quantile","hhs7"
"HHS Region 7",2020-03-21,2020-04-04,2,"25%",0.25,2.68885719260697,"ili perc","quantile","hhs7"
"HHS Region 7",2020-03-21,2020-04-04,2,"30%",0.3,2.76688209590804,"ili perc","quantile","hhs7"
"HHS Region 7",2020-03-21,2020-04-04,2,"35%",0.35,2.81255923010156,"ili perc","quantile","hhs7"
"HHS Region 7",2020-03-21,2020-04-04,2,"40%",0.4,2.86543211191571,"ili perc","quantile","hhs7"
"HHS Region 7",2020-03-21,2020-04-04,2,"45%",0.45,2.99112752672795,"ili perc","quantile","hhs7"
"HHS Region 7",2020-03-21,2020-04-04,2,"50%",0.5,492.036752631278,"ili perc","quantile","hhs7"
"HHS Region 7",2020-03-21,2020-04-04,2,"55%",0.55,492.036752631278,"ili perc","quantile","hhs7"
"HHS Region 7",2020-03-21,2020-04-04,2,"60%",0.6,492.036752631278,"ili perc","quantile","hhs7"
"HHS Region 7",2020-03-21,2020-04-04,2,"65%",0.65,492.036752631278,"ili perc","quantile","hhs7"
"HHS Region 7",2020-03-21,2020-04-04,2,"70%",0.7,492.036752631278,"ili perc","quantile","hhs7"
"HHS Region 7",2020-03-21,2020-04-04,2,"75%",0.75,492.036752631278,"ili perc","quantile","hhs7"
"HHS Region 7",2020-03-21,2020-04-04,2,"80%",0.8,492.036752631278,"ili perc","quantile","hhs7"
"HHS Region 7",2020-03-21,2020-04-04,2,"85%",0.85,492.036752631278,"ili perc","quantile","hhs7"
"HHS Region 7",2020-03-21,2020-04-04,2,"90%",0.9,492.036752631278,"ili perc","quantile","hhs7"
"HHS Region 7",2020-03-21,2020-04-04,2,"95%",0.95,492.036752631278,"ili perc","quantile","hhs7"
"HHS Region 7",2020-03-21,2020-04-04,2,"97.5%",0.975,492.036752631278,"ili perc","quantile","hhs7"
"HHS Region 7",2020-03-21,2020-04-04,2,"99%",0.99,492.036752631278,"ili perc","quantile","hhs7"
"HHS Region 7",2020-03-21,2020-04-11,3,"1%",0.01,1.86815319550013,"ili perc","quantile","hhs7"
"HHS Region 7",2020-03-21,2020-04-11,3,"2.5%",0.025,1.86815319550013,"ili perc","quantile","hhs7"
"HHS Region 7",2020-03-21,2020-04-11,3,"5%",0.05,1.91245322549344,"ili perc","quantile","hhs7"
"HHS Region 7",2020-03-21,2020-04-11,3,"10%",0.1,2.2044343397767,"ili perc","quantile","hhs7"
"HHS Region 7",2020-03-21,2020-04-11,3,"15%",0.15,2.23451175423594,"ili perc","quantile","hhs7"
"HHS Region 7",2020-03-21,2020-04-11,3,"20%",0.2,2.42958030136288,"ili perc","quantile","hhs7"
"HHS Region 7",2020-03-21,2020-04-11,3,"25%",0.25,2.61279729885399,"ili perc","quantile","hhs7"
"HHS Region 7",2020-03-21,2020-04-11,3,"30%",0.3,2.69694398158185,"ili perc","quantile","hhs7"
"HHS Region 7",2020-03-21,2020-04-11,3,"35%",0.35,2.75590757028203,"ili perc","quantile","hhs7"
"HHS Region 7",2020-03-21,2020-04-11,3,"40%",0.4,2.80726853252247,"ili perc","quantile","hhs7"
"HHS Region 7",2020-03-21,2020-04-11,3,"45%",0.45,2.9375466584525,"ili perc","quantile","hhs7"
"HHS Region 7",2020-03-21,2020-04-11,3,"50%",0.5,373.856422320056,"ili perc","quantile","hhs7"
"HHS Region 7",2020-03-21,2020-04-11,3,"55%",0.55,373.856422320056,"ili perc","quantile","hhs7"
"HHS Region 7",2020-03-21,2020-04-11,3,"60%",0.6,373.856422320056,"ili perc","quantile","hhs7"
"HHS Region 7",2020-03-21,2020-04-11,3,"65%",0.65,373.856422320056,"ili perc","quantile","hhs7"
"HHS Region 7",2020-03-21,2020-04-11,3,"70%",0.7,373.856422320056,"ili perc","quantile","hhs7"
"HHS Region 7",2020-03-21,2020-04-11,3,"75%",0.75,373.856422320056,"ili perc","quantile","hhs7"
"HHS Region 7",2020-03-21,2020-04-11,3,"80%",0.8,373.856422320056,"ili perc","quantile","hhs7"
"HHS Region 7",2020-03-21,2020-04-11,3,"85%",0.85,373.856422320056,"ili perc","quantile","hhs7"
"HHS Region 7",2020-03-21,2020-04-11,3,"90%",0.9,373.856422320056,"ili perc","quantile","hhs7"
"HHS Region 7",2020-03-21,2020-04-11,3,"95%",0.95,373.856422320056,"ili perc","quantile","hhs7"
"HHS Region 7",2020-03-21,2020-04-11,3,"97.5%",0.975,373.856422320056,"ili perc","quantile","hhs7"
"HHS Region 7",2020-03-21,2020-04-11,3,"99%",0.99,373.856422320056,"ili perc","quantile","hhs7"
"HHS Region 7",2020-03-21,2020-04-18,4,"1%",0.01,1.81401258742468,"ili perc","quantile","hhs7"
"HHS Region 7",2020-03-21,2020-04-18,4,"2.5%",0.025,1.81401258742468,"ili perc","quantile","hhs7"
"HHS Region 7",2020-03-21,2020-04-18,4,"5%",0.05,1.85312872609245,"ili perc","quantile","hhs7"
"HHS Region 7",2020-03-21,2020-04-18,4,"10%",0.1,2.13643826152764,"ili perc","quantile","hhs7"
"HHS Region 7",2020-03-21,2020-04-18,4,"15%",0.15,2.16082997080548,"ili perc","quantile","hhs7"
"HHS Region 7",2020-03-21,2020-04-18,4,"20%",0.2,2.3610923363799,"ili perc","quantile","hhs7"
"HHS Region 7",2020-03-21,2020-04-18,4,"25%",0.25,2.54061861772783,"ili perc","quantile","hhs7"
"HHS Region 7",2020-03-21,2020-04-18,4,"30%",0.3,2.63052176778433,"ili perc","quantile","hhs7"
"HHS Region 7",2020-03-21,2020-04-18,4,"35%",0.35,2.70289847318537,"ili perc","quantile","hhs7"
"HHS Region 7",2020-03-21,2020-04-18,4,"40%",0.4,2.75263704563622,"ili perc","quantile","hhs7"
"HHS Region 7",2020-03-21,2020-04-18,4,"45%",0.45,2.88704600892669,"ili perc","quantile","hhs7"
"HHS Region 7",2020-03-21,2020-04-18,4,"50%",0.5,270.872381594313,"ili perc","quantile","hhs7"
"HHS Region 7",2020-03-21,2020-04-18,4,"55%",0.55,270.872381594313,"ili perc","quantile","hhs7"
"HHS Region 7",2020-03-21,2020-04-18,4,"60%",0.6,270.872381594313,"ili perc","quantile","hhs7"
"HHS Region 7",2020-03-21,2020-04-18,4,"65%",0.65,270.872381594313,"ili perc","quantile","hhs7"
"HHS Region 7",2020-03-21,2020-04-18,4,"70%",0.7,270.872381594313,"ili perc","quantile","hhs7"
"HHS Region 7",2020-03-21,2020-04-18,4,"75%",0.75,270.872381594313,"ili perc","quantile","hhs7"
"HHS Region 7",2020-03-21,2020-04-18,4,"80%",0.8,270.872381594313,"ili perc","quantile","hhs7"
"HHS Region 7",2020-03-21,2020-04-18,4,"85%",0.85,270.872381594313,"ili perc","quantile","hhs7"
"HHS Region 7",2020-03-21,2020-04-18,4,"90%",0.9,270.872381594313,"ili perc","quantile","hhs7"
"HHS Region 7",2020-03-21,2020-04-18,4,"95%",0.95,270.872381594313,"ili perc","quantile","hhs7"
"HHS Region 7",2020-03-21,2020-04-18,4,"97.5%",0.975,270.872381594313,"ili perc","quantile","hhs7"
"HHS Region 7",2020-03-21,2020-04-18,4,"99%",0.99,270.872381594313,"ili perc","quantile","hhs7"
"HHS Region 8",2020-03-21,2020-03-28,1,"1%",0.01,2.35564526599296,"ili perc","quantile","hhs8"
"HHS Region 8",2020-03-21,2020-03-28,1,"2.5%",0.025,2.36213029021951,"ili perc","quantile","hhs8"
"HHS Region 8",2020-03-21,2020-03-28,1,"5%",0.05,2.57731299867396,"ili perc","quantile","hhs8"
"HHS Region 8",2020-03-21,2020-03-28,1,"10%",0.1,2.8480740119553,"ili perc","quantile","hhs8"
"HHS Region 8",2020-03-21,2020-03-28,1,"15%",0.15,2.93535443793212,"ili perc","quantile","hhs8"
"HHS Region 8",2020-03-21,2020-03-28,1,"20%",0.2,3.14995599272038,"ili perc","quantile","hhs8"
"HHS Region 8",2020-03-21,2020-03-28,1,"25%",0.25,3.36016589616179,"ili perc","quantile","hhs8"
"HHS Region 8",2020-03-21,2020-03-28,1,"30%",0.3,3.43439106002825,"ili perc","quantile","hhs8"
"HHS Region 8",2020-03-21,2020-03-28,1,"35%",0.35,3.53661465569508,"ili perc","quantile","hhs8"
"HHS Region 8",2020-03-21,2020-03-28,1,"40%",0.4,3.63023463081413,"ili perc","quantile","hhs8"
"HHS Region 8",2020-03-21,2020-03-28,1,"45%",0.45,3.77122551682214,"ili perc","quantile","hhs8"
"HHS Region 8",2020-03-21,2020-03-28,1,"50%",0.5,1584.30636663417,"ili perc","quantile","hhs8"
"HHS Region 8",2020-03-21,2020-03-28,1,"55%",0.55,1584.30636663417,"ili perc","quantile","hhs8"
"HHS Region 8",2020-03-21,2020-03-28,1,"60%",0.6,1584.30636663417,"ili perc","quantile","hhs8"
"HHS Region 8",2020-03-21,2020-03-28,1,"65%",0.65,1584.30636663417,"ili perc","quantile","hhs8"
"HHS Region 8",2020-03-21,2020-03-28,1,"70%",0.7,1584.30636663417,"ili perc","quantile","hhs8"
"HHS Region 8",2020-03-21,2020-03-28,1,"75%",0.75,1584.30636663417,"ili perc","quantile","hhs8"
"HHS Region 8",2020-03-21,2020-03-28,1,"80%",0.8,1584.30636663417,"ili perc","quantile","hhs8"
"HHS Region 8",2020-03-21,2020-03-28,1,"85%",0.85,1584.30636663417,"ili perc","quantile","hhs8"
"HHS Region 8",2020-03-21,2020-03-28,1,"90%",0.9,1584.30636663417,"ili perc","quantile","hhs8"
"HHS Region 8",2020-03-21,2020-03-28,1,"95%",0.95,1584.30636663417,"ili perc","quantile","hhs8"
"HHS Region 8",2020-03-21,2020-03-28,1,"97.5%",0.975,1584.30636663417,"ili perc","quantile","hhs8"
"HHS Region 8",2020-03-21,2020-03-28,1,"99%",0.99,1584.30636663417,"ili perc","quantile","hhs8"
"HHS Region 8",2020-03-21,2020-04-04,2,"1%",0.01,2.24332592559949,"ili perc","quantile","hhs8"
"HHS Region 8",2020-03-21,2020-04-04,2,"2.5%",0.025,2.2643403119921,"ili perc","quantile","hhs8"
"HHS Region 8",2020-03-21,2020-04-04,2,"5%",0.05,2.47453857853088,"ili perc","quantile","hhs8"
"HHS Region 8",2020-03-21,2020-04-04,2,"10%",0.1,2.74740337705612,"ili perc","quantile","hhs8"
"HHS Region 8",2020-03-21,2020-04-04,2,"15%",0.15,2.8293127289146,"ili perc","quantile","hhs8"
"HHS Region 8",2020-03-21,2020-04-04,2,"20%",0.2,3.05012667019196,"ili perc","quantile","hhs8"
"HHS Region 8",2020-03-21,2020-04-04,2,"25%",0.25,3.25659569051982,"ili perc","quantile","hhs8"
"HHS Region 8",2020-03-21,2020-04-04,2,"30%",0.3,3.33953199201642,"ili perc","quantile","hhs8"
"HHS Region 8",2020-03-21,2020-04-04,2,"35%",0.35,3.45414425152489,"ili perc","quantile","hhs8"
"HHS Region 8",2020-03-21,2020-04-04,2,"40%",0.4,3.54703532783924,"ili perc","quantile","hhs8"
"HHS Region 8",2020-03-21,2020-04-04,2,"45%",0.45,3.69581183838204,"ili perc","quantile","hhs8"
"HHS Region 8",2020-03-21,2020-04-04,2,"50%",0.5,1358.41365201254,"ili perc","quantile","hhs8"
"HHS Region 8",2020-03-21,2020-04-04,2,"55%",0.55,1358.41365201254,"ili perc","quantile","hhs8"
"HHS Region 8",2020-03-21,2020-04-04,2,"60%",0.6,1358.41365201254,"ili perc","quantile","hhs8"
"HHS Region 8",2020-03-21,2020-04-04,2,"65%",0.65,1358.41365201254,"ili perc","quantile","hhs8"
"HHS Region 8",2020-03-21,2020-04-04,2,"70%",0.7,1358.41365201254,"ili perc","quantile","hhs8"
"HHS Region 8",2020-03-21,2020-04-04,2,"75%",0.75,1358.41365201254,"ili perc","quantile","hhs8"
"HHS Region 8",2020-03-21,2020-04-04,2,"80%",0.8,1358.41365201254,"ili perc","quantile","hhs8"
"HHS Region 8",2020-03-21,2020-04-04,2,"85%",0.85,1358.41365201254,"ili perc","quantile","hhs8"
"HHS Region 8",2020-03-21,2020-04-04,2,"90%",0.9,1358.41365201254,"ili perc","quantile","hhs8"
"HHS Region 8",2020-03-21,2020-04-04,2,"95%",0.95,1358.41365201254,"ili perc","quantile","hhs8"
"HHS Region 8",2020-03-21,2020-04-04,2,"97.5%",0.975,1358.41365201254,"ili perc","quantile","hhs8"
"HHS Region 8",2020-03-21,2020-04-04,2,"99%",0.99,1358.41365201254,"ili perc","quantile","hhs8"
"HHS Region 8",2020-03-21,2020-04-11,3,"1%",0.01,2.21745981136723,"ili perc","quantile","hhs8"
"HHS Region 8",2020-03-21,2020-04-11,3,"2.5%",0.025,2.25524890180532,"ili perc","quantile","hhs8"
"HHS Region 8",2020-03-21,2020-04-11,3,"5%",0.05,2.44650120436336,"ili perc","quantile","hhs8"
"HHS Region 8",2020-03-21,2020-04-11,3,"10%",0.1,2.70293537269981,"ili perc","quantile","hhs8"
"HHS Region 8",2020-03-21,2020-04-11,3,"15%",0.15,2.778932461968,"ili perc","quantile","hhs8"
"HHS Region 8",2020-03-21,2020-04-11,3,"20%",0.2,3.00420677810212,"ili perc","quantile","hhs8"
"HHS Region 8",2020-03-21,2020-04-11,3,"25%",0.25,3.20702120617989,"ili perc","quantile","hhs8"
"HHS Region 8",2020-03-21,2020-04-11,3,"30%",0.3,3.29358639598604,"ili perc","quantile","hhs8"
"HHS Region 8",2020-03-21,2020-04-11,3,"35%",0.35,3.42234945328573,"ili perc","quantile","hhs8"
"HHS Region 8",2020-03-21,2020-04-11,3,"40%",0.4,3.51297476086143,"ili perc","quantile","hhs8"
"HHS Region 8",2020-03-21,2020-04-11,3,"45%",0.45,3.66325039432036,"ili perc","quantile","hhs8"
"HHS Region 8",2020-03-21,2020-04-11,3,"50%",0.5,1343.93285839947,"ili perc","quantile","hhs8"
"HHS Region 8",2020-03-21,2020-04-11,3,"55%",0.55,1343.93285839947,"ili perc","quantile","hhs8"
"HHS Region 8",2020-03-21,2020-04-11,3,"60%",0.6,1343.93285839947,"ili perc","quantile","hhs8"
"HHS Region 8",2020-03-21,2020-04-11,3,"65%",0.65,1343.93285839947,"ili perc","quantile","hhs8"
"HHS Region 8",2020-03-21,2020-04-11,3,"70%",0.7,1343.93285839947,"ili perc","quantile","hhs8"
"HHS Region 8",2020-03-21,2020-04-11,3,"75%",0.75,1343.93285839947,"ili perc","quantile","hhs8"
"HHS Region 8",2020-03-21,2020-04-11,3,"80%",0.8,1343.93285839947,"ili perc","quantile","hhs8"
"HHS Region 8",2020-03-21,2020-04-11,3,"85%",0.85,1343.93285839947,"ili perc","quantile","hhs8"
"HHS Region 8",2020-03-21,2020-04-11,3,"90%",0.9,1343.93285839947,"ili perc","quantile","hhs8"
"HHS Region 8",2020-03-21,2020-04-11,3,"95%",0.95,1343.93285839947,"ili perc","quantile","hhs8"
"HHS Region 8",2020-03-21,2020-04-11,3,"97.5%",0.975,1343.93285839947,"ili perc","quantile","hhs8"
"HHS Region 8",2020-03-21,2020-04-11,3,"99%",0.99,1343.93285839947,"ili perc","quantile","hhs8"
"HHS Region 8",2020-03-21,2020-04-18,4,"1%",0.01,2.14206139722523,"ili perc","quantile","hhs8"
"HHS Region 8",2020-03-21,2020-04-18,4,"2.5%",0.025,2.19533875102502,"ili perc","quantile","hhs8"
"HHS Region 8",2020-03-21,2020-04-18,4,"5%",0.05,2.37564416990085,"ili perc","quantile","hhs8"
"HHS Region 8",2020-03-21,2020-04-18,4,"10%",0.1,2.6262667706867,"ili perc","quantile","hhs8"
"HHS Region 8",2020-03-21,2020-04-18,4,"15%",0.15,2.69666166456341,"ili perc","quantile","hhs8"
"HHS Region 8",2020-03-21,2020-04-18,4,"20%",0.2,2.92740014881338,"ili perc","quantile","hhs8"
"HHS Region 8",2020-03-21,2020-04-18,4,"25%",0.25,3.12651054536468,"ili perc","quantile","hhs8"
"HHS Region 8",2020-03-21,2020-04-18,4,"30%",0.3,3.21961643497389,"ili perc","quantile","hhs8"
"HHS Region 8",2020-03-21,2020-04-18,4,"35%",0.35,3.36152069734999,"ili perc","quantile","hhs8"
"HHS Region 8",2020-03-21,2020-04-18,4,"40%",0.4,3.45076076668761,"ili perc","quantile","hhs8"
"HHS Region 8",2020-03-21,2020-04-18,4,"45%",0.45,3.6061372959216,"ili perc","quantile","hhs8"
"HHS Region 8",2020-03-21,2020-04-18,4,"50%",0.5,1208.32623593235,"ili perc","quantile","hhs8"
"HHS Region 8",2020-03-21,2020-04-18,4,"55%",0.55,1208.32623593235,"ili perc","quantile","hhs8"
"HHS Region 8",2020-03-21,2020-04-18,4,"60%",0.6,1208.32623593235,"ili perc","quantile","hhs8"
"HHS Region 8",2020-03-21,2020-04-18,4,"65%",0.65,1208.32623593235,"ili perc","quantile","hhs8"
"HHS Region 8",2020-03-21,2020-04-18,4,"70%",0.7,1208.32623593235,"ili perc","quantile","hhs8"
"HHS Region 8",2020-03-21,2020-04-18,4,"75%",0.75,1208.32623593235,"ili perc","quantile","hhs8"
"HHS Region 8",2020-03-21,2020-04-18,4,"80%",0.8,1208.32623593235,"ili perc","quantile","hhs8"
"HHS Region 8",2020-03-21,2020-04-18,4,"85%",0.85,1208.32623593235,"ili perc","quantile","hhs8"
"HHS Region 8",2020-03-21,2020-04-18,4,"90%",0.9,1208.32623593235,"ili perc","quantile","hhs8"
"HHS Region 8",2020-03-21,2020-04-18,4,"95%",0.95,1208.32623593235,"ili perc","quantile","hhs8"
"HHS Region 8",2020-03-21,2020-04-18,4,"97.5%",0.975,1208.32623593235,"ili perc","quantile","hhs8"
"HHS Region 8",2020-03-21,2020-04-18,4,"99%",0.99,1208.32623593235,"ili perc","quantile","hhs8"
"HHS Region 9",2020-03-21,2020-03-28,1,"1%",0.01,2.45557695370007,"ili perc","quantile","hhs9"
"HHS Region 9",2020-03-21,2020-03-28,1,"2.5%",0.025,2.48895067927413,"ili perc","quantile","hhs9"
"HHS Region 9",2020-03-21,2020-03-28,1,"5%",0.05,2.64836277506311,"ili perc","quantile","hhs9"
"HHS Region 9",2020-03-21,2020-03-28,1,"10%",0.1,2.87443332877001,"ili perc","quantile","hhs9"
"HHS Region 9",2020-03-21,2020-03-28,1,"15%",0.15,2.93429975783442,"ili perc","quantile","hhs9"
"HHS Region 9",2020-03-21,2020-03-28,1,"20%",0.2,3.07529795295522,"ili perc","quantile","hhs9"
"HHS Region 9",2020-03-21,2020-03-28,1,"25%",0.25,3.23294229565704,"ili perc","quantile","hhs9"
"HHS Region 9",2020-03-21,2020-03-28,1,"30%",0.3,3.31307951184579,"ili perc","quantile","hhs9"
"HHS Region 9",2020-03-21,2020-03-28,1,"35%",0.35,3.43212469981779,"ili perc","quantile","hhs9"
"HHS Region 9",2020-03-21,2020-03-28,1,"40%",0.4,3.53338106658691,"ili perc","quantile","hhs9"
"HHS Region 9",2020-03-21,2020-03-28,1,"45%",0.45,3.64560061967222,"ili perc","quantile","hhs9"
"HHS Region 9",2020-03-21,2020-03-28,1,"50%",0.5,616.598758004885,"ili perc","quantile","hhs9"
"HHS Region 9",2020-03-21,2020-03-28,1,"55%",0.55,616.598758004885,"ili perc","quantile","hhs9"
"HHS Region 9",2020-03-21,2020-03-28,1,"60%",0.6,616.598758004885,"ili perc","quantile","hhs9"
"HHS Region 9",2020-03-21,2020-03-28,1,"65%",0.65,616.598758004885,"ili perc","quantile","hhs9"
"HHS Region 9",2020-03-21,2020-03-28,1,"70%",0.7,616.598758004885,"ili perc","quantile","hhs9"
"HHS Region 9",2020-03-21,2020-03-28,1,"75%",0.75,616.598758004885,"ili perc","quantile","hhs9"
"HHS Region 9",2020-03-21,2020-03-28,1,"80%",0.8,616.598758004885,"ili perc","quantile","hhs9"
"HHS Region 9",2020-03-21,2020-03-28,1,"85%",0.85,616.598758004885,"ili perc","quantile","hhs9"
"HHS Region 9",2020-03-21,2020-03-28,1,"90%",0.9,616.598758004885,"ili perc","quantile","hhs9"
"HHS Region 9",2020-03-21,2020-03-28,1,"95%",0.95,616.598758004885,"ili perc","quantile","hhs9"
"HHS Region 9",2020-03-21,2020-03-28,1,"97.5%",0.975,616.598758004885,"ili perc","quantile","hhs9"
"HHS Region 9",2020-03-21,2020-03-28,1,"99%",0.99,616.598758004885,"ili perc","quantile","hhs9"
"HHS Region 9",2020-03-21,2020-04-04,2,"1%",0.01,2.40008706535116,"ili perc","quantile","hhs9"
"HHS Region 9",2020-03-21,2020-04-04,2,"2.5%",0.025,2.44946611361149,"ili perc","quantile","hhs9"
"HHS Region 9",2020-03-21,2020-04-04,2,"5%",0.05,2.59471625400283,"ili perc","quantile","hhs9"
"HHS Region 9",2020-03-21,2020-04-04,2,"10%",0.1,2.81070711849259,"ili perc","quantile","hhs9"
"HHS Region 9",2020-03-21,2020-04-04,2,"15%",0.15,2.86484672680331,"ili perc","quantile","hhs9"
"HHS Region 9",2020-03-21,2020-04-04,2,"20%",0.2,3.01090563524315,"ili perc","quantile","hhs9"
"HHS Region 9",2020-03-21,2020-04-04,2,"25%",0.25,3.16486581755532,"ili perc","quantile","hhs9"
"HHS Region 9",2020-03-21,2020-04-04,2,"30%",0.3,3.25037338865445,"ili perc","quantile","hhs9"
"HHS Region 9",2020-03-21,2020-04-04,2,"35%",0.35,3.38296556747571,"ili perc","quantile","hhs9"
"HHS Region 9",2020-03-21,2020-04-04,2,"40%",0.4,3.48248278423182,"ili perc","quantile","hhs9"
"HHS Region 9",2020-03-21,2020-04-04,2,"45%",0.45,3.59835557190956,"ili perc","quantile","hhs9"
"HHS Region 9",2020-03-21,2020-04-04,2,"50%",0.5,529.676260691314,"ili perc","quantile","hhs9"
"HHS Region 9",2020-03-21,2020-04-04,2,"55%",0.55,529.676260691314,"ili perc","quantile","hhs9"
"HHS Region 9",2020-03-21,2020-04-04,2,"60%",0.6,529.676260691314,"ili perc","quantile","hhs9"
"HHS Region 9",2020-03-21,2020-04-04,2,"65%",0.65,529.676260691314,"ili perc","quantile","hhs9"
"HHS Region 9",2020-03-21,2020-04-04,2,"70%",0.7,529.676260691314,"ili perc","quantile","hhs9"
"HHS Region 9",2020-03-21,2020-04-04,2,"75%",0.75,529.676260691314,"ili perc","quantile","hhs9"
"HHS Region 9",2020-03-21,2020-04-04,2,"80%",0.8,529.676260691314,"ili perc","quantile","hhs9"
"HHS Region 9",2020-03-21,2020-04-04,2,"85%",0.85,529.676260691314,"ili perc","quantile","hhs9"
"HHS Region 9",2020-03-21,2020-04-04,2,"90%",0.9,529.676260691314,"ili perc","quantile","hhs9"
"HHS Region 9",2020-03-21,2020-04-04,2,"95%",0.95,529.676260691314,"ili perc","quantile","hhs9"
"HHS Region 9",2020-03-21,2020-04-04,2,"97.5%",0.975,529.676260691314,"ili perc","quantile","hhs9"
"HHS Region 9",2020-03-21,2020-04-04,2,"99%",0.99,529.676260691314,"ili perc","quantile","hhs9"
"HHS Region 9",2020-03-21,2020-04-11,3,"1%",0.01,2.38515547802763,"ili perc","quantile","hhs9"
"HHS Region 9",2020-03-21,2020-04-11,3,"2.5%",0.025,2.45159321917106,"ili perc","quantile","hhs9"
"HHS Region 9",2020-03-21,2020-04-11,3,"5%",0.05,2.57613155472791,"ili perc","quantile","hhs9"
"HHS Region 9",2020-03-21,2020-04-11,3,"10%",0.1,2.77334757270182,"ili perc","quantile","hhs9"
"HHS Region 9",2020-03-21,2020-04-11,3,"15%",0.15,2.82150646938669,"ili perc","quantile","hhs9"
"HHS Region 9",2020-03-21,2020-04-11,3,"20%",0.2,2.97180415981563,"ili perc","quantile","hhs9"
"HHS Region 9",2020-03-21,2020-04-11,3,"25%",0.25,3.12212066386905,"ili perc","quantile","hhs9"
"HHS Region 9",2020-03-21,2020-04-11,3,"30%",0.3,3.2106143249182,"ili perc","quantile","hhs9"
"HHS Region 9",2020-03-21,2020-04-11,3,"35%",0.35,3.35758017466026,"ili perc","quantile","hhs9"
"HHS Region 9",2020-03-21,2020-04-11,3,"40%",0.4,3.45463724073966,"ili perc","quantile","hhs9"
"HHS Region 9",2020-03-21,2020-04-11,3,"45%",0.45,3.57121404021791,"ili perc","quantile","hhs9"
"HHS Region 9",2020-03-21,2020-04-11,3,"50%",0.5,541.934658219024,"ili perc","quantile","hhs9"
"HHS Region 9",2020-03-21,2020-04-11,3,"55%",0.55,541.934658219024,"ili perc","quantile","hhs9"
"HHS Region 9",2020-03-21,2020-04-11,3,"60%",0.6,541.934658219024,"ili perc","quantile","hhs9"
"HHS Region 9",2020-03-21,2020-04-11,3,"65%",0.65,541.934658219024,"ili perc","quantile","hhs9"
"HHS Region 9",2020-03-21,2020-04-11,3,"70%",0.7,541.934658219024,"ili perc","quantile","hhs9"
"HHS Region 9",2020-03-21,2020-04-11,3,"75%",0.75,541.934658219024,"ili perc","quantile","hhs9"
"HHS Region 9",2020-03-21,2020-04-11,3,"80%",0.8,541.934658219024,"ili perc","quantile","hhs9"
"HHS Region 9",2020-03-21,2020-04-11,3,"85%",0.85,541.934658219024,"ili perc","quantile","hhs9"
"HHS Region 9",2020-03-21,2020-04-11,3,"90%",0.9,541.934658219024,"ili perc","quantile","hhs9"
"HHS Region 9",2020-03-21,2020-04-11,3,"95%",0.95,541.934658219024,"ili perc","quantile","hhs9"
"HHS Region 9",2020-03-21,2020-04-11,3,"97.5%",0.975,541.934658219024,"ili perc","quantile","hhs9"
"HHS Region 9",2020-03-21,2020-04-11,3,"99%",0.99,541.934658219024,"ili perc","quantile","hhs9"
"HHS Region 9",2020-03-21,2020-04-18,4,"1%",0.01,2.35180907108605,"ili perc","quantile","hhs9"
"HHS Region 9",2020-03-21,2020-04-18,4,"2.5%",0.025,2.43482723995663,"ili perc","quantile","hhs9"
"HHS Region 9",2020-03-21,2020-04-18,4,"5%",0.05,2.5416276204918,"ili perc","quantile","hhs9"
"HHS Region 9",2020-03-21,2020-04-18,4,"10%",0.1,2.72401668298971,"ili perc","quantile","hhs9"
"HHS Region 9",2020-03-21,2020-04-18,4,"15%",0.15,2.7663101429614,"ili perc","quantile","hhs9"
"HHS Region 9",2020-03-21,2020-04-18,4,"20%",0.2,2.92121979958091,"ili perc","quantile","hhs9"
"HHS Region 9",2020-03-21,2020-04-18,4,"25%",0.25,3.06787424513971,"ili perc","quantile","hhs9"
"HHS Region 9",2020-03-21,2020-04-18,4,"30%",0.3,3.16043653184795,"ili perc","quantile","hhs9"
"HHS Region 9",2020-03-21,2020-04-18,4,"35%",0.35,3.32140071222273,"ili perc","quantile","hhs9"
"HHS Region 9",2020-03-21,2020-04-18,4,"40%",0.4,3.41632498594242,"ili perc","quantile","hhs9"
"HHS Region 9",2020-03-21,2020-04-18,4,"45%",0.45,3.53494484260403,"ili perc","quantile","hhs9"
"HHS Region 9",2020-03-21,2020-04-18,4,"50%",0.5,509.161625882454,"ili perc","quantile","hhs9"
"HHS Region 9",2020-03-21,2020-04-18,4,"55%",0.55,509.161625882454,"ili perc","quantile","hhs9"
"HHS Region 9",2020-03-21,2020-04-18,4,"60%",0.6,509.161625882454,"ili perc","quantile","hhs9"
"HHS Region 9",2020-03-21,2020-04-18,4,"65%",0.65,509.161625882454,"ili perc","quantile","hhs9"
"HHS Region 9",2020-03-21,2020-04-18,4,"70%",0.7,509.161625882454,"ili perc","quantile","hhs9"
"HHS Region 9",2020-03-21,2020-04-18,4,"75%",0.75,509.161625882454,"ili perc","quantile","hhs9"
"HHS Region 9",2020-03-21,2020-04-18,4,"80%",0.8,509.161625882454,"ili perc","quantile","hhs9"
"HHS Region 9",2020-03-21,2020-04-18,4,"85%",0.85,509.161625882454,"ili perc","quantile","hhs9"
"HHS Region 9",2020-03-21,2020-04-18,4,"90%",0.9,509.161625882454,"ili perc","quantile","hhs9"
"HHS Region 9",2020-03-21,2020-04-18,4,"95%",0.95,509.161625882454,"ili perc","quantile","hhs9"
"HHS Region 9",2020-03-21,2020-04-18,4,"97.5%",0.975,509.161625882454,"ili perc","quantile","hhs9"
"HHS Region 9",2020-03-21,2020-04-18,4,"99%",0.99,509.161625882454,"ili perc","quantile","hhs9"
"US National",2020-03-21,2020-03-28,1,"1%",0.01,3.19985563768591,"ili perc","quantile","nat"
"US National",2020-03-21,2020-03-28,1,"2.5%",0.025,3.21786377957915,"ili perc","quantile","nat"
"US National",2020-03-21,2020-03-28,1,"5%",0.05,3.36663836425623,"ili perc","quantile","nat"
"US National",2020-03-21,2020-03-28,1,"10%",0.1,3.58360128441086,"ili perc","quantile","nat"
"US National",2020-03-21,2020-03-28,1,"15%",0.15,3.63688791516779,"ili perc","quantile","nat"
"US National",2020-03-21,2020-03-28,1,"20%",0.2,3.83357141143142,"ili perc","quantile","nat"
"US National",2020-03-21,2020-03-28,1,"25%",0.25,4.03244547581494,"ili perc","quantile","nat"
"US National",2020-03-21,2020-03-28,1,"30%",0.3,4.10017795460453,"ili perc","quantile","nat"
"US National",2020-03-21,2020-03-28,1,"35%",0.35,4.23880371885252,"ili perc","quantile","nat"
"US National",2020-03-21,2020-03-28,1,"40%",0.4,4.33358706769968,"ili perc","quantile","nat"
"US National",2020-03-21,2020-03-28,1,"45%",0.45,4.42844745878551,"ili perc","quantile","nat"
"US National",2020-03-21,2020-03-28,1,"50%",0.5,2042.08310281141,"ili perc","quantile","nat"
"US National",2020-03-21,2020-03-28,1,"55%",0.55,2042.08310281141,"ili perc","quantile","nat"
"US National",2020-03-21,2020-03-28,1,"60%",0.6,2042.08310281141,"ili perc","quantile","nat"
"US National",2020-03-21,2020-03-28,1,"65%",0.65,2042.08310281141,"ili perc","quantile","nat"
"US National",2020-03-21,2020-03-28,1,"70%",0.7,2042.08310281141,"ili perc","quantile","nat"
"US National",2020-03-21,2020-03-28,1,"75%",0.75,2042.08310281141,"ili perc","quantile","nat"
"US National",2020-03-21,2020-03-28,1,"80%",0.8,2042.08310281141,"ili perc","quantile","nat"
"US National",2020-03-21,2020-03-28,1,"85%",0.85,2042.08310281141,"ili perc","quantile","nat"
"US National",2020-03-21,2020-03-28,1,"90%",0.9,2042.08310281141,"ili perc","quantile","nat"
"US National",2020-03-21,2020-03-28,1,"95%",0.95,2042.08310281141,"ili perc","quantile","nat"
"US National",2020-03-21,2020-03-28,1,"97.5%",0.975,2042.08310281141,"ili perc","quantile","nat"
"US National",2020-03-21,2020-03-28,1,"99%",0.99,2042.08310281141,"ili perc","quantile","nat"
"US National",2020-03-21,2020-04-04,2,"1%",0.01,3.20716538479974,"ili perc","quantile","nat"
"US National",2020-03-21,2020-04-04,2,"2.5%",0.025,3.24280986603162,"ili perc","quantile","nat"
"US National",2020-03-21,2020-04-04,2,"5%",0.05,3.36728084374818,"ili perc","quantile","nat"
"US National",2020-03-21,2020-04-04,2,"10%",0.1,3.56070067274777,"ili perc","quantile","nat"
"US National",2020-03-21,2020-04-04,2,"15%",0.15,3.60786736336968,"ili perc","quantile","nat"
"US National",2020-03-21,2020-04-04,2,"20%",0.2,3.80833891145949,"ili perc","quantile","nat"
"US National",2020-03-21,2020-04-04,2,"25%",0.25,4.00359149714905,"ili perc","quantile","nat"
"US National",2020-03-21,2020-04-04,2,"30%",0.3,4.07300258423766,"ili perc","quantile","nat"
"US National",2020-03-21,2020-04-04,2,"35%",0.35,4.22645535368019,"ili perc","quantile","nat"
"US National",2020-03-21,2020-04-04,2,"40%",0.4,4.31838316998164,"ili perc","quantile","nat"
"US National",2020-03-21,2020-04-04,2,"45%",0.45,4.41233028001352,"ili perc","quantile","nat"
"US National",2020-03-21,2020-04-04,2,"50%",0.5,2108.73025421205,"ili perc","quantile","nat"
"US National",2020-03-21,2020-04-04,2,"55%",0.55,2108.73025421205,"ili perc","quantile","nat"
"US National",2020-03-21,2020-04-04,2,"60%",0.6,2108.73025421205,"ili perc","quantile","nat"
"US National",2020-03-21,2020-04-04,2,"65%",0.65,2108.73025421205,"ili perc","quantile","nat"
"US National",2020-03-21,2020-04-04,2,"70%",0.7,2108.73025421205,"ili perc","quantile","nat"
"US National",2020-03-21,2020-04-04,2,"75%",0.75,2108.73025421205,"ili perc","quantile","nat"
"US National",2020-03-21,2020-04-04,2,"80%",0.8,2108.73025421205,"ili perc","quantile","nat"
"US National",2020-03-21,2020-04-04,2,"85%",0.85,2108.73025421205,"ili perc","quantile","nat"
"US National",2020-03-21,2020-04-04,2,"90%",0.9,2108.73025421205,"ili perc","quantile","nat"
"US National",2020-03-21,2020-04-04,2,"95%",0.95,2108.73025421205,"ili perc","quantile","nat"
"US National",2020-03-21,2020-04-04,2,"97.5%",0.975,2108.73025421205,"ili perc","quantile","nat"
"US National",2020-03-21,2020-04-04,2,"99%",0.99,2108.73025421205,"ili perc","quantile","nat"
"US National",2020-03-21,2020-04-11,3,"1%",0.01,3.29303216588187,"ili perc","quantile","nat"
"US National",2020-03-21,2020-04-11,3,"2.5%",0.025,3.34835325037511,"ili perc","quantile","nat"
"US National",2020-03-21,2020-04-11,3,"5%",0.05,3.43583427254953,"ili perc","quantile","nat"
"US National",2020-03-21,2020-04-11,3,"10%",0.1,3.58886943296102,"ili perc","quantile","nat"
"US National",2020-03-21,2020-04-11,3,"15%",0.15,3.62942442434087,"ili perc","quantile","nat"
"US National",2020-03-21,2020-04-11,3,"20%",0.2,3.83209203234082,"ili perc","quantile","nat"
"US National",2020-03-21,2020-04-11,3,"25%",0.25,4.02380154883622,"ili perc","quantile","nat"
"US National",2020-03-21,2020-04-11,3,"30%",0.3,4.09027318136759,"ili perc","quantile","nat"
"US National",2020-03-21,2020-04-11,3,"35%",0.35,4.26015414571975,"ili perc","quantile","nat"
"US National",2020-03-21,2020-04-11,3,"40%",0.4,4.34782992932151,"ili perc","quantile","nat"
"US National",2020-03-21,2020-04-11,3,"45%",0.45,4.4351514333448,"ili perc","quantile","nat"
"US National",2020-03-21,2020-04-11,3,"50%",0.5,2367.48005114113,"ili perc","quantile","nat"
"US National",2020-03-21,2020-04-11,3,"55%",0.55,2367.48005114113,"ili perc","quantile","nat"
"US National",2020-03-21,2020-04-11,3,"60%",0.6,2367.48005114113,"ili perc","quantile","nat"
"US National",2020-03-21,2020-04-11,3,"65%",0.65,2367.48005114113,"ili perc","quantile","nat"
"US National",2020-03-21,2020-04-11,3,"70%",0.7,2367.48005114113,"ili perc","quantile","nat"
"US National",2020-03-21,2020-04-11,3,"75%",0.75,2367.48005114113,"ili perc","quantile","nat"
"US National",2020-03-21,2020-04-11,3,"80%",0.8,2367.48005114113,"ili perc","quantile","nat"
"US National",2020-03-21,2020-04-11,3,"85%",0.85,2367.48005114113,"ili perc","quantile","nat"
"US National",2020-03-21,2020-04-11,3,"90%",0.9,2367.48005114113,"ili perc","quantile","nat"
"US National",2020-03-21,2020-04-11,3,"95%",0.95,2367.48005114113,"ili perc","quantile","nat"
"US National",2020-03-21,2020-04-11,3,"97.5%",0.975,2367.48005114113,"ili perc","quantile","nat"
"US National",2020-03-21,2020-04-11,3,"99%",0.99,2367.48005114113,"ili perc","quantile","nat"
"US National",2020-03-21,2020-04-18,4,"1%",0.01,3.38659032308533,"ili perc","quantile","nat"
"US National",2020-03-21,2020-04-18,4,"2.5%",0.025,3.46178776936358,"ili perc","quantile","nat"
"US National",2020-03-21,2020-04-18,4,"5%",0.05,3.51103673871239,"ili perc","quantile","nat"
"US National",2020-03-21,2020-04-18,4,"10%",0.1,3.62203830236149,"ili perc","quantile","nat"
"US National",2020-03-21,2020-04-18,4,"15%",0.15,3.65593344726176,"ili perc","quantile","nat"
"US National",2020-03-21,2020-04-18,4,"20%",0.2,3.86064124614131,"ili perc","quantile","nat"
"US National",2020-03-21,2020-04-18,4,"25%",0.25,4.048815370375,"ili perc","quantile","nat"
"US National",2020-03-21,2020-04-18,4,"30%",0.3,4.11189540222631,"ili perc","quantile","nat"
"US National",2020-03-21,2020-04-18,4,"35%",0.35,4.29836133105619,"ili perc","quantile","nat"
"US National",2020-03-21,2020-04-18,4,"40%",0.4,4.38164835317139,"ili perc","quantile","nat"
"US National",2020-03-21,2020-04-18,4,"45%",0.45,4.46178496785387,"ili perc","quantile","nat"
"US National",2020-03-21,2020-04-18,4,"50%",0.5,2645.03826821743,"ili perc","quantile","nat"
"US National",2020-03-21,2020-04-18,4,"55%",0.55,2645.03826821743,"ili perc","quantile","nat"
"US National",2020-03-21,2020-04-18,4,"60%",0.6,2645.03826821743,"ili perc","quantile","nat"
"US National",2020-03-21,2020-04-18,4,"65%",0.65,2645.03826821743,"ili perc","quantile","nat"
"US National",2020-03-21,2020-04-18,4,"70%",0.7,2645.03826821743,"ili perc","quantile","nat"
"US National",2020-03-21,2020-04-18,4,"75%",0.75,2645.03826821743,"ili perc","quantile","nat"
"US National",2020-03-21,2020-04-18,4,"80%",0.8,2645.03826821743,"ili perc","quantile","nat"
"US National",2020-03-21,2020-04-18,4,"85%",0.85,2645.03826821743,"ili perc","quantile","nat"
"US National",2020-03-21,2020-04-18,4,"90%",0.9,2645.03826821743,"ili perc","quantile","nat"
"US National",2020-03-21,2020-04-18,4,"95%",0.95,2645.03826821743,"ili perc","quantile","nat"
"US National",2020-03-21,2020-04-18,4,"97.5%",0.975,2645.03826821743,"ili perc","quantile","nat"
"US National",2020-03-21,2020-04-18,4,"99%",0.99,2645.03826821743,"ili perc","quantile","nat"
