"location","origin_date","horizon","target_end_date","value","output_type_id","target","output_type"
"HHS Region 1",2017-02-04,1,2017-02-11,2.00720004601205,0.01,"ili perc","quantile"
"HHS Region 1",2017-02-04,1,2017-02-11,2.10924561663899,0.025,"ili perc","quantile"
"HHS Region 1",2017-02-04,1,2017-02-11,2.2790945680085,0.05,"ili perc","quantile"
"HHS Region 1",2017-02-04,1,2017-02-11,2.46626543286403,0.1,"ili perc","quantile"
"HHS Region 1",2017-02-04,1,2017-02-11,2.57953130882783,0.15,"ili perc","quantile"
"HHS Region 1",2017-02-04,1,2017-02-11,2.65350264815606,0.2,"ili perc","quantile"
"HHS Region 1",2017-02-04,1,2017-02-11,2.71793544442052,0.25,"ili perc","quantile"
"HHS Region 1",2017-02-04,1,2017-02-11,2.74002178446626,0.3,"ili perc","quantile"
"HHS Region 1",2017-02-04,1,2017-02-11,2.80697657945391,0.35,"ili perc","quantile"
"HHS Region 1",2017-02-04,1,2017-02-11,2.83221780861745,0.4,"ili perc","quantile"
"HHS Region 1",2017-02-04,1,2017-02-11,2.85744041805778,0.45,"ili perc","quantile"
"HHS Region 1",2017-02-04,1,2017-02-11,2.92087982003846,0.5,"ili perc","quantile"
"HHS Region 1",2017-02-04,1,2017-02-11,3.04215355272167,0.55,"ili perc","quantile"
"HHS Region 1",2017-02-04,1,2017-02-11,3.10619906643901,0.6,"ili perc","quantile"
"HHS Region 1",2017-02-04,1,2017-02-11,3.13752483715779,0.65,"ili perc","quantile"
"HHS Region 1",2017-02-04,1,2017-02-11,3.18092244991686,0.7,"ili perc","quantile"
"HHS Region 1",2017-02-04,1,2017-02-11,3.25921227522916,0.75,"ili perc","quantile"
"HHS Region 1",2017-02-04,1,2017-02-11,3.33861638735843,0.8,"ili perc","quantile"
"HHS Region 1",2017-02-04,1,2017-02-11,3.40136709865955,0.85,"ili perc","quantile"
"HHS Region 1",2017-02-04,1,2017-02-11,3.65246987948763,0.9,"ili perc","quantile"
"HHS Region 1",2017-02-04,1,2017-02-11,4.10249419824628,0.95,"ili perc","quantile"
"HHS Region 1",2017-02-04,1,2017-02-11,4.85464052914601,0.975,"ili perc","quantile"
"HHS Region 1",2017-02-04,1,2017-02-11,6.18108429352154,0.99,"ili perc","quantile"
"HHS Region 1",2017-02-04,2,2017-02-18,1.01108199633281,0.01,"ili perc","quantile"
"HHS Region 1",2017-02-04,2,2017-02-18,1.23549873394701,0.025,"ili perc","quantile"
"HHS Region 1",2017-02-04,2,2017-02-18,1.50215334548161,0.05,"ili perc","quantile"
"HHS Region 1",2017-02-04,2,2017-02-18,2.04867635541928,0.1,"ili perc","quantile"
"HHS Region 1",2017-02-04,2,2017-02-18,2.23663429569522,0.15,"ili perc","quantile"
"HHS Region 1",2017-02-04,2,2017-02-18,2.33878107859681,0.2,"ili perc","quantile"
"HHS Region 1",2017-02-04,2,2017-02-18,2.40761575155307,0.25,"ili perc","quantile"
"HHS Region 1",2017-02-04,2,2017-02-18,2.48740954703521,0.3,"ili perc","quantile"
"HHS Region 1",2017-02-04,2,2017-02-18,2.58904420125655,0.35,"ili perc","quantile"
"HHS Region 1",2017-02-04,2,2017-02-18,2.63094385255886,0.4,"ili perc","quantile"
"HHS Region 1",2017-02-04,2,2017-02-18,2.68890754322702,0.45,"ili perc","quantile"
"HHS Region 1",2017-02-04,2,2017-02-18,2.76193409247743,0.5,"ili perc","quantile"
"HHS Region 1",2017-02-04,2,2017-02-18,2.8135851534322,0.55,"ili perc","quantile"
"HHS Region 1",2017-02-04,2,2017-02-18,2.84689032526991,0.6,"ili perc","quantile"
"HHS Region 1",2017-02-04,2,2017-02-18,2.98978024809407,0.65,"ili perc","quantile"
"HHS Region 1",2017-02-04,2,2017-02-18,3.0890568929828,0.7,"ili perc","quantile"
"HHS Region 1",2017-02-04,2,2017-02-18,3.16182931748245,0.75,"ili perc","quantile"
"HHS Region 1",2017-02-04,2,2017-02-18,3.34040210507323,0.8,"ili perc","quantile"
"HHS Region 1",2017-02-04,2,2017-02-18,3.55948447599711,0.85,"ili perc","quantile"
"HHS Region 1",2017-02-04,2,2017-02-18,3.93261550945382,0.9,"ili perc","quantile"
"HHS Region 1",2017-02-04,2,2017-02-18,5.05240322391599,0.95,"ili perc","quantile"
"HHS Region 1",2017-02-04,2,2017-02-18,6.30056118263055,0.975,"ili perc","quantile"
"HHS Region 1",2017-02-04,2,2017-02-18,6.40273856465627,0.99,"ili perc","quantile"
"HHS Region 1",2017-02-04,3,2017-02-25,0.829854763997836,0.01,"ili perc","quantile"
"HHS Region 1",2017-02-04,3,2017-02-25,0.973143364311845,0.025,"ili perc","quantile"
"HHS Region 1",2017-02-04,3,2017-02-25,1.32202277843714,0.05,"ili perc","quantile"
"HHS Region 1",2017-02-04,3,2017-02-25,1.68780712988904,0.1,"ili perc","quantile"
"HHS Region 1",2017-02-04,3,2017-02-25,1.88310750248011,0.15,"ili perc","quantile"
"HHS Region 1",2017-02-04,3,2017-02-25,2.00079490402283,0.2,"ili perc","quantile"
"HHS Region 1",2017-02-04,3,2017-02-25,2.05316899870202,0.25,"ili perc","quantile"
"HHS Region 1",2017-02-04,3,2017-02-25,2.14678259814093,0.3,"ili perc","quantile"
"HHS Region 1",2017-02-04,3,2017-02-25,2.28348308130268,0.35,"ili perc","quantile"
"HHS Region 1",2017-02-04,3,2017-02-25,2.34079726212913,0.4,"ili perc","quantile"
"HHS Region 1",2017-02-04,3,2017-02-25,2.44027313298777,0.45,"ili perc","quantile"
"HHS Region 1",2017-02-04,3,2017-02-25,2.52179966955583,0.5,"ili perc","quantile"
"HHS Region 1",2017-02-04,3,2017-02-25,2.58504706653162,0.55,"ili perc","quantile"
"HHS Region 1",2017-02-04,3,2017-02-25,2.66475646436645,0.6,"ili perc","quantile"
"HHS Region 1",2017-02-04,3,2017-02-25,2.78277122839237,0.65,"ili perc","quantile"
"HHS Region 1",2017-02-04,3,2017-02-25,3.01594622123994,0.7,"ili perc","quantile"
"HHS Region 1",2017-02-04,3,2017-02-25,3.14270502944881,0.75,"ili perc","quantile"
"HHS Region 1",2017-02-04,3,2017-02-25,3.28850239694233,0.8,"ili perc","quantile"
"HHS Region 1",2017-02-04,3,2017-02-25,3.62704568474057,0.85,"ili perc","quantile"
"HHS Region 1",2017-02-04,3,2017-02-25,4.17748795981164,0.9,"ili perc","quantile"
"HHS Region 1",2017-02-04,3,2017-02-25,4.98134275715346,0.95,"ili perc","quantile"
"HHS Region 1",2017-02-04,3,2017-02-25,5.87754985059712,0.975,"ili perc","quantile"
"HHS Region 1",2017-02-04,3,2017-02-25,6.35665801874102,0.99,"ili perc","quantile"
"HHS Region 1",2017-02-04,4,2017-03-04,0.695644323370508,0.01,"ili perc","quantile"
"HHS Region 1",2017-02-04,4,2017-03-04,0.722619277699388,0.025,"ili perc","quantile"
"HHS Region 1",2017-02-04,4,2017-03-04,0.854507836625688,0.05,"ili perc","quantile"
"HHS Region 1",2017-02-04,4,2017-03-04,1.36304766417144,0.1,"ili perc","quantile"
"HHS Region 1",2017-02-04,4,2017-03-04,1.71244783759237,0.15,"ili perc","quantile"
"HHS Region 1",2017-02-04,4,2017-03-04,1.74999148829157,0.2,"ili perc","quantile"
"HHS Region 1",2017-02-04,4,2017-03-04,1.82678338533586,0.25,"ili perc","quantile"
"HHS Region 1",2017-02-04,4,2017-03-04,1.92646050634156,0.3,"ili perc","quantile"
"HHS Region 1",2017-02-04,4,2017-03-04,2.00558375121954,0.35,"ili perc","quantile"
"HHS Region 1",2017-02-04,4,2017-03-04,2.1947903482129,0.4,"ili perc","quantile"
"HHS Region 1",2017-02-04,4,2017-03-04,2.26264746023362,0.45,"ili perc","quantile"
"HHS Region 1",2017-02-04,4,2017-03-04,2.30670492487372,0.5,"ili perc","quantile"
"HHS Region 1",2017-02-04,4,2017-03-04,2.44552384741675,0.55,"ili perc","quantile"
"HHS Region 1",2017-02-04,4,2017-03-04,2.49984220595986,0.6,"ili perc","quantile"
"HHS Region 1",2017-02-04,4,2017-03-04,2.59095171863348,0.65,"ili perc","quantile"
"HHS Region 1",2017-02-04,4,2017-03-04,2.67416460747946,0.7,"ili perc","quantile"
"HHS Region 1",2017-02-04,4,2017-03-04,2.8404210819874,0.75,"ili perc","quantile"
"HHS Region 1",2017-02-04,4,2017-03-04,3.29154030126563,0.8,"ili perc","quantile"
"HHS Region 1",2017-02-04,4,2017-03-04,3.66760928780744,0.85,"ili perc","quantile"
"HHS Region 1",2017-02-04,4,2017-03-04,4.06454828526648,0.9,"ili perc","quantile"
"HHS Region 1",2017-02-04,4,2017-03-04,4.98414957287499,0.95,"ili perc","quantile"
"HHS Region 1",2017-02-04,4,2017-03-04,5.57396968364045,0.975,"ili perc","quantile"
"HHS Region 1",2017-02-04,4,2017-03-04,5.74701341807686,0.99,"ili perc","quantile"
"HHS Region 10",2017-02-04,1,2017-02-11,1.20076779260277,0.01,"ili perc","quantile"
"HHS Region 10",2017-02-04,1,2017-02-11,1.26005377408307,0.025,"ili perc","quantile"
"HHS Region 10",2017-02-04,1,2017-02-11,1.70122011458196,0.05,"ili perc","quantile"
"HHS Region 10",2017-02-04,1,2017-02-11,1.8252583077223,0.1,"ili perc","quantile"
"HHS Region 10",2017-02-04,1,2017-02-11,1.89523535865799,0.15,"ili perc","quantile"
"HHS Region 10",2017-02-04,1,2017-02-11,2.01307998177714,0.2,"ili perc","quantile"
"HHS Region 10",2017-02-04,1,2017-02-11,2.12261740817785,0.25,"ili perc","quantile"
"HHS Region 10",2017-02-04,1,2017-02-11,2.19990444487915,0.3,"ili perc","quantile"
"HHS Region 10",2017-02-04,1,2017-02-11,2.31460317381545,0.35,"ili perc","quantile"
"HHS Region 10",2017-02-04,1,2017-02-11,2.3990867087106,0.4,"ili perc","quantile"
"HHS Region 10",2017-02-04,1,2017-02-11,2.47359332465529,0.45,"ili perc","quantile"
"HHS Region 10",2017-02-04,1,2017-02-11,2.52696746314271,0.5,"ili perc","quantile"
"HHS Region 10",2017-02-04,1,2017-02-11,2.60520005520854,0.55,"ili perc","quantile"
"HHS Region 10",2017-02-04,1,2017-02-11,2.66088136047333,0.6,"ili perc","quantile"
"HHS Region 10",2017-02-04,1,2017-02-11,2.73927117144892,0.65,"ili perc","quantile"
"HHS Region 10",2017-02-04,1,2017-02-11,2.80360490530539,0.7,"ili perc","quantile"
"HHS Region 10",2017-02-04,1,2017-02-11,2.91610719486912,0.75,"ili perc","quantile"
"HHS Region 10",2017-02-04,1,2017-02-11,3.01467913268297,0.8,"ili perc","quantile"
"HHS Region 10",2017-02-04,1,2017-02-11,3.27010410054325,0.85,"ili perc","quantile"
"HHS Region 10",2017-02-04,1,2017-02-11,3.43919579765756,0.9,"ili perc","quantile"
"HHS Region 10",2017-02-04,1,2017-02-11,4.20360205555011,0.95,"ili perc","quantile"
"HHS Region 10",2017-02-04,1,2017-02-11,4.56019725704347,0.975,"ili perc","quantile"
"HHS Region 10",2017-02-04,1,2017-02-11,5.26696466375986,0.99,"ili perc","quantile"
"HHS Region 10",2017-02-04,2,2017-02-18,1.11881885298716,0.01,"ili perc","quantile"
"HHS Region 10",2017-02-04,2,2017-02-18,1.25391915576885,0.025,"ili perc","quantile"
"HHS Region 10",2017-02-04,2,2017-02-18,1.3622373629343,0.05,"ili perc","quantile"
"HHS Region 10",2017-02-04,2,2017-02-18,1.59368892586456,0.1,"ili perc","quantile"
"HHS Region 10",2017-02-04,2,2017-02-18,1.73721257622706,0.15,"ili perc","quantile"
"HHS Region 10",2017-02-04,2,2017-02-18,1.91259322253568,0.2,"ili perc","quantile"
"HHS Region 10",2017-02-04,2,2017-02-18,2.00781852463011,0.25,"ili perc","quantile"
"HHS Region 10",2017-02-04,2,2017-02-18,2.11437088266013,0.3,"ili perc","quantile"
"HHS Region 10",2017-02-04,2,2017-02-18,2.22112973318122,0.35,"ili perc","quantile"
"HHS Region 10",2017-02-04,2,2017-02-18,2.3009666219444,0.4,"ili perc","quantile"
"HHS Region 10",2017-02-04,2,2017-02-18,2.3273913472419,0.45,"ili perc","quantile"
"HHS Region 10",2017-02-04,2,2017-02-18,2.4099274562288,0.5,"ili perc","quantile"
"HHS Region 10",2017-02-04,2,2017-02-18,2.53554158127285,0.55,"ili perc","quantile"
"HHS Region 10",2017-02-04,2,2017-02-18,2.62206241288557,0.6,"ili perc","quantile"
"HHS Region 10",2017-02-04,2,2017-02-18,2.78521812205802,0.65,"ili perc","quantile"
"HHS Region 10",2017-02-04,2,2017-02-18,2.89306100936535,0.7,"ili perc","quantile"
"HHS Region 10",2017-02-04,2,2017-02-18,3.02513667688078,0.75,"ili perc","quantile"
"HHS Region 10",2017-02-04,2,2017-02-18,3.19631245043058,0.8,"ili perc","quantile"
"HHS Region 10",2017-02-04,2,2017-02-18,3.36709459752602,0.85,"ili perc","quantile"
"HHS Region 10",2017-02-04,2,2017-02-18,3.74757986007348,0.9,"ili perc","quantile"
"HHS Region 10",2017-02-04,2,2017-02-18,4.17941761381757,0.95,"ili perc","quantile"
"HHS Region 10",2017-02-04,2,2017-02-18,4.91998602991679,0.975,"ili perc","quantile"
"HHS Region 10",2017-02-04,2,2017-02-18,6.05181585346295,0.99,"ili perc","quantile"
"HHS Region 10",2017-02-04,3,2017-02-25,0.302656341554085,0.01,"ili perc","quantile"
"HHS Region 10",2017-02-04,3,2017-02-25,1.14419432500545,0.025,"ili perc","quantile"
"HHS Region 10",2017-02-04,3,2017-02-25,1.232486200897,0.05,"ili perc","quantile"
"HHS Region 10",2017-02-04,3,2017-02-25,1.44981176126016,0.1,"ili perc","quantile"
"HHS Region 10",2017-02-04,3,2017-02-25,1.61515237696572,0.15,"ili perc","quantile"
"HHS Region 10",2017-02-04,3,2017-02-25,1.80350834255219,0.2,"ili perc","quantile"
"HHS Region 10",2017-02-04,3,2017-02-25,1.9600083397779,0.25,"ili perc","quantile"
"HHS Region 10",2017-02-04,3,2017-02-25,2.09872081515322,0.3,"ili perc","quantile"
"HHS Region 10",2017-02-04,3,2017-02-25,2.18893000934889,0.35,"ili perc","quantile"
"HHS Region 10",2017-02-04,3,2017-02-25,2.26439669200609,0.4,"ili perc","quantile"
"HHS Region 10",2017-02-04,3,2017-02-25,2.37627221943182,0.45,"ili perc","quantile"
"HHS Region 10",2017-02-04,3,2017-02-25,2.49397063232654,0.5,"ili perc","quantile"
"HHS Region 10",2017-02-04,3,2017-02-25,2.63666249995846,0.55,"ili perc","quantile"
"HHS Region 10",2017-02-04,3,2017-02-25,2.70733098032995,0.6,"ili perc","quantile"
"HHS Region 10",2017-02-04,3,2017-02-25,2.93675287764041,0.65,"ili perc","quantile"
"HHS Region 10",2017-02-04,3,2017-02-25,3.14402288456402,0.7,"ili perc","quantile"
"HHS Region 10",2017-02-04,3,2017-02-25,3.27186004024199,0.75,"ili perc","quantile"
"HHS Region 10",2017-02-04,3,2017-02-25,3.65902802948396,0.8,"ili perc","quantile"
"HHS Region 10",2017-02-04,3,2017-02-25,4.05899924706503,0.85,"ili perc","quantile"
"HHS Region 10",2017-02-04,3,2017-02-25,4.35952671901099,0.9,"ili perc","quantile"
"HHS Region 10",2017-02-04,3,2017-02-25,5.18489887376472,0.95,"ili perc","quantile"
"HHS Region 10",2017-02-04,3,2017-02-25,5.62494857746301,0.975,"ili perc","quantile"
"HHS Region 10",2017-02-04,3,2017-02-25,5.98900323867383,0.99,"ili perc","quantile"
"HHS Region 10",2017-02-04,4,2017-03-04,0.432751408737256,0.01,"ili perc","quantile"
"HHS Region 10",2017-02-04,4,2017-03-04,0.688297161479122,0.025,"ili perc","quantile"
"HHS Region 10",2017-02-04,4,2017-03-04,0.942722077906974,0.05,"ili perc","quantile"
"HHS Region 10",2017-02-04,4,2017-03-04,1.16098368971107,0.1,"ili perc","quantile"
"HHS Region 10",2017-02-04,4,2017-03-04,1.37594060840491,0.15,"ili perc","quantile"
"HHS Region 10",2017-02-04,4,2017-03-04,1.53936368705416,0.2,"ili perc","quantile"
"HHS Region 10",2017-02-04,4,2017-03-04,1.62868383849312,0.25,"ili perc","quantile"
"HHS Region 10",2017-02-04,4,2017-03-04,1.8521105381372,0.3,"ili perc","quantile"
"HHS Region 10",2017-02-04,4,2017-03-04,1.95274270477587,0.35,"ili perc","quantile"
"HHS Region 10",2017-02-04,4,2017-03-04,2.02919098379169,0.4,"ili perc","quantile"
"HHS Region 10",2017-02-04,4,2017-03-04,2.23326188659534,0.45,"ili perc","quantile"
"HHS Region 10",2017-02-04,4,2017-03-04,2.45604662855511,0.5,"ili perc","quantile"
"HHS Region 10",2017-02-04,4,2017-03-04,2.62547065629512,0.55,"ili perc","quantile"
"HHS Region 10",2017-02-04,4,2017-03-04,2.74451849021427,0.6,"ili perc","quantile"
"HHS Region 10",2017-02-04,4,2017-03-04,2.85894275996683,0.65,"ili perc","quantile"
"HHS Region 10",2017-02-04,4,2017-03-04,2.98302150682394,0.7,"ili perc","quantile"
"HHS Region 10",2017-02-04,4,2017-03-04,3.50201952638725,0.75,"ili perc","quantile"
"HHS Region 10",2017-02-04,4,2017-03-04,3.71273537620141,0.8,"ili perc","quantile"
"HHS Region 10",2017-02-04,4,2017-03-04,4.15155814531595,0.85,"ili perc","quantile"
"HHS Region 10",2017-02-04,4,2017-03-04,4.47222016517766,0.9,"ili perc","quantile"
"HHS Region 10",2017-02-04,4,2017-03-04,5.38864991437358,0.95,"ili perc","quantile"
"HHS Region 10",2017-02-04,4,2017-03-04,6.52218083716238,0.975,"ili perc","quantile"
"HHS Region 10",2017-02-04,4,2017-03-04,7.31043288062332,0.99,"ili perc","quantile"
"HHS Region 2",2017-02-04,1,2017-02-11,5.52899275843794,0.01,"ili perc","quantile"
"HHS Region 2",2017-02-04,1,2017-02-11,5.778815281051,0.025,"ili perc","quantile"
"HHS Region 2",2017-02-04,1,2017-02-11,5.84368067390162,0.05,"ili perc","quantile"
"HHS Region 2",2017-02-04,1,2017-02-11,6.07866380405912,0.1,"ili perc","quantile"
"HHS Region 2",2017-02-04,1,2017-02-11,6.28546304078227,0.15,"ili perc","quantile"
"HHS Region 2",2017-02-04,1,2017-02-11,6.37024413504677,0.2,"ili perc","quantile"
"HHS Region 2",2017-02-04,1,2017-02-11,6.45837368457727,0.25,"ili perc","quantile"
"HHS Region 2",2017-02-04,1,2017-02-11,6.52364168050504,0.3,"ili perc","quantile"
"HHS Region 2",2017-02-04,1,2017-02-11,6.68382418042644,0.35,"ili perc","quantile"
"HHS Region 2",2017-02-04,1,2017-02-11,6.81296251600756,0.4,"ili perc","quantile"
"HHS Region 2",2017-02-04,1,2017-02-11,6.92056579642771,0.45,"ili perc","quantile"
"HHS Region 2",2017-02-04,1,2017-02-11,6.97234705177322,0.5,"ili perc","quantile"
"HHS Region 2",2017-02-04,1,2017-02-11,7.06915389900935,0.55,"ili perc","quantile"
"HHS Region 2",2017-02-04,1,2017-02-11,7.2829251645395,0.6,"ili perc","quantile"
"HHS Region 2",2017-02-04,1,2017-02-11,7.33223292718517,0.65,"ili perc","quantile"
"HHS Region 2",2017-02-04,1,2017-02-11,7.52881525546117,0.7,"ili perc","quantile"
"HHS Region 2",2017-02-04,1,2017-02-11,7.66581483506825,0.75,"ili perc","quantile"
"HHS Region 2",2017-02-04,1,2017-02-11,7.72524871718903,0.8,"ili perc","quantile"
"HHS Region 2",2017-02-04,1,2017-02-11,7.8396179097453,0.85,"ili perc","quantile"
"HHS Region 2",2017-02-04,1,2017-02-11,8.13217864989246,0.9,"ili perc","quantile"
"HHS Region 2",2017-02-04,1,2017-02-11,8.75209505588389,0.95,"ili perc","quantile"
"HHS Region 2",2017-02-04,1,2017-02-11,8.82305088187072,0.975,"ili perc","quantile"
"HHS Region 2",2017-02-04,1,2017-02-11,9.41785501308776,0.99,"ili perc","quantile"
"HHS Region 2",2017-02-04,2,2017-02-18,3.54395631437615,0.01,"ili perc","quantile"
"HHS Region 2",2017-02-04,2,2017-02-18,3.918846302824,0.025,"ili perc","quantile"
"HHS Region 2",2017-02-04,2,2017-02-18,4.24442188771501,0.05,"ili perc","quantile"
"HHS Region 2",2017-02-04,2,2017-02-18,4.77286191913827,0.1,"ili perc","quantile"
"HHS Region 2",2017-02-04,2,2017-02-18,5.11495295610177,0.15,"ili perc","quantile"
"HHS Region 2",2017-02-04,2,2017-02-18,5.39478454611315,0.2,"ili perc","quantile"
"HHS Region 2",2017-02-04,2,2017-02-18,5.57888709905406,0.25,"ili perc","quantile"
"HHS Region 2",2017-02-04,2,2017-02-18,5.77059860914726,0.3,"ili perc","quantile"
"HHS Region 2",2017-02-04,2,2017-02-18,5.94135772491861,0.35,"ili perc","quantile"
"HHS Region 2",2017-02-04,2,2017-02-18,6.12938769593879,0.4,"ili perc","quantile"
"HHS Region 2",2017-02-04,2,2017-02-18,6.23216625019497,0.45,"ili perc","quantile"
"HHS Region 2",2017-02-04,2,2017-02-18,6.30688270764794,0.5,"ili perc","quantile"
"HHS Region 2",2017-02-04,2,2017-02-18,6.42782750067982,0.55,"ili perc","quantile"
"HHS Region 2",2017-02-04,2,2017-02-18,6.54791215748758,0.6,"ili perc","quantile"
"HHS Region 2",2017-02-04,2,2017-02-18,6.62868851238642,0.65,"ili perc","quantile"
"HHS Region 2",2017-02-04,2,2017-02-18,6.82652723823493,0.7,"ili perc","quantile"
"HHS Region 2",2017-02-04,2,2017-02-18,7.09427170186424,0.75,"ili perc","quantile"
"HHS Region 2",2017-02-04,2,2017-02-18,7.5671044351252,0.8,"ili perc","quantile"
"HHS Region 2",2017-02-04,2,2017-02-18,7.76563985981286,0.85,"ili perc","quantile"
"HHS Region 2",2017-02-04,2,2017-02-18,8.27271880196025,0.9,"ili perc","quantile"
"HHS Region 2",2017-02-04,2,2017-02-18,9.68605027023322,0.95,"ili perc","quantile"
"HHS Region 2",2017-02-04,2,2017-02-18,10.4516029258603,0.975,"ili perc","quantile"
"HHS Region 2",2017-02-04,2,2017-02-18,11.655937516208,0.99,"ili perc","quantile"
"HHS Region 2",2017-02-04,3,2017-02-25,3.18751737396639,0.01,"ili perc","quantile"
"HHS Region 2",2017-02-04,3,2017-02-25,3.508956923979,0.025,"ili perc","quantile"
"HHS Region 2",2017-02-04,3,2017-02-25,3.805089967864,0.05,"ili perc","quantile"
"HHS Region 2",2017-02-04,3,2017-02-25,4.24326434936192,0.1,"ili perc","quantile"
"HHS Region 2",2017-02-04,3,2017-02-25,4.57127236866335,0.15,"ili perc","quantile"
"HHS Region 2",2017-02-04,3,2017-02-25,4.8440823822711,0.2,"ili perc","quantile"
"HHS Region 2",2017-02-04,3,2017-02-25,5.17773140978706,0.25,"ili perc","quantile"
"HHS Region 2",2017-02-04,3,2017-02-25,5.32070627449934,0.3,"ili perc","quantile"
"HHS Region 2",2017-02-04,3,2017-02-25,5.53824291249466,0.35,"ili perc","quantile"
"HHS Region 2",2017-02-04,3,2017-02-25,5.78020499805682,0.4,"ili perc","quantile"
"HHS Region 2",2017-02-04,3,2017-02-25,5.83994050106255,0.45,"ili perc","quantile"
"HHS Region 2",2017-02-04,3,2017-02-25,5.92540754503148,0.5,"ili perc","quantile"
"HHS Region 2",2017-02-04,3,2017-02-25,6.13309038398691,0.55,"ili perc","quantile"
"HHS Region 2",2017-02-04,3,2017-02-25,6.21499337920455,0.6,"ili perc","quantile"
"HHS Region 2",2017-02-04,3,2017-02-25,6.31680466930898,0.65,"ili perc","quantile"
"HHS Region 2",2017-02-04,3,2017-02-25,6.54526223964927,0.7,"ili perc","quantile"
"HHS Region 2",2017-02-04,3,2017-02-25,6.79589387136294,0.75,"ili perc","quantile"
"HHS Region 2",2017-02-04,3,2017-02-25,7.24176055804517,0.8,"ili perc","quantile"
"HHS Region 2",2017-02-04,3,2017-02-25,8.14800814299369,0.85,"ili perc","quantile"
"HHS Region 2",2017-02-04,3,2017-02-25,8.6795738096154,0.9,"ili perc","quantile"
"HHS Region 2",2017-02-04,3,2017-02-25,8.95824366063278,0.95,"ili perc","quantile"
"HHS Region 2",2017-02-04,3,2017-02-25,10.2106662022899,0.975,"ili perc","quantile"
"HHS Region 2",2017-02-04,3,2017-02-25,11.8052197511309,0.99,"ili perc","quantile"
"HHS Region 2",2017-02-04,4,2017-03-04,2.67930190633397,0.01,"ili perc","quantile"
"HHS Region 2",2017-02-04,4,2017-03-04,2.81199310842205,0.025,"ili perc","quantile"
"HHS Region 2",2017-02-04,4,2017-03-04,3.16855950335289,0.05,"ili perc","quantile"
"HHS Region 2",2017-02-04,4,2017-03-04,3.71396376036429,0.1,"ili perc","quantile"
"HHS Region 2",2017-02-04,4,2017-03-04,4.12585136075129,0.15,"ili perc","quantile"
"HHS Region 2",2017-02-04,4,2017-03-04,4.33052562739952,0.2,"ili perc","quantile"
"HHS Region 2",2017-02-04,4,2017-03-04,4.58421487153222,0.25,"ili perc","quantile"
"HHS Region 2",2017-02-04,4,2017-03-04,4.74566209042057,0.3,"ili perc","quantile"
"HHS Region 2",2017-02-04,4,2017-03-04,4.92901672878924,0.35,"ili perc","quantile"
"HHS Region 2",2017-02-04,4,2017-03-04,5.09373604631097,0.4,"ili perc","quantile"
"HHS Region 2",2017-02-04,4,2017-03-04,5.21877392783112,0.45,"ili perc","quantile"
"HHS Region 2",2017-02-04,4,2017-03-04,5.419285881742,0.5,"ili perc","quantile"
"HHS Region 2",2017-02-04,4,2017-03-04,5.5659252470475,0.55,"ili perc","quantile"
"HHS Region 2",2017-02-04,4,2017-03-04,5.67406349180683,0.6,"ili perc","quantile"
"HHS Region 2",2017-02-04,4,2017-03-04,6.08230208778858,0.65,"ili perc","quantile"
"HHS Region 2",2017-02-04,4,2017-03-04,6.23474435528697,0.7,"ili perc","quantile"
"HHS Region 2",2017-02-04,4,2017-03-04,6.59763131042545,0.75,"ili perc","quantile"
"HHS Region 2",2017-02-04,4,2017-03-04,7.09245542044139,0.8,"ili perc","quantile"
"HHS Region 2",2017-02-04,4,2017-03-04,7.72914107043203,0.85,"ili perc","quantile"
"HHS Region 2",2017-02-04,4,2017-03-04,8.29795962812711,0.9,"ili perc","quantile"
"HHS Region 2",2017-02-04,4,2017-03-04,9.00214505702222,0.95,"ili perc","quantile"
"HHS Region 2",2017-02-04,4,2017-03-04,10.7674546720122,0.975,"ili perc","quantile"
"HHS Region 2",2017-02-04,4,2017-03-04,11.9826221788651,0.99,"ili perc","quantile"
"HHS Region 3",2017-02-04,1,2017-02-11,2.87079833889351,0.01,"ili perc","quantile"
"HHS Region 3",2017-02-04,1,2017-02-11,2.99014233353945,0.025,"ili perc","quantile"
"HHS Region 3",2017-02-04,1,2017-02-11,3.15537726959896,0.05,"ili perc","quantile"
"HHS Region 3",2017-02-04,1,2017-02-11,3.4078632803156,0.1,"ili perc","quantile"
"HHS Region 3",2017-02-04,1,2017-02-11,3.52247698422183,0.15,"ili perc","quantile"
"HHS Region 3",2017-02-04,1,2017-02-11,3.56118588379057,0.2,"ili perc","quantile"
"HHS Region 3",2017-02-04,1,2017-02-11,3.62186996148527,0.25,"ili perc","quantile"
"HHS Region 3",2017-02-04,1,2017-02-11,3.66369887079459,0.3,"ili perc","quantile"
"HHS Region 3",2017-02-04,1,2017-02-11,3.71782443393798,0.35,"ili perc","quantile"
"HHS Region 3",2017-02-04,1,2017-02-11,3.7501533762677,0.4,"ili perc","quantile"
"HHS Region 3",2017-02-04,1,2017-02-11,3.79751868706153,0.45,"ili perc","quantile"
"HHS Region 3",2017-02-04,1,2017-02-11,3.87808567173352,0.5,"ili perc","quantile"
"HHS Region 3",2017-02-04,1,2017-02-11,3.96409785646969,0.55,"ili perc","quantile"
"HHS Region 3",2017-02-04,1,2017-02-11,4.05068369395147,0.6,"ili perc","quantile"
"HHS Region 3",2017-02-04,1,2017-02-11,4.09913159702932,0.65,"ili perc","quantile"
"HHS Region 3",2017-02-04,1,2017-02-11,4.14520907193227,0.7,"ili perc","quantile"
"HHS Region 3",2017-02-04,1,2017-02-11,4.19630246866404,0.75,"ili perc","quantile"
"HHS Region 3",2017-02-04,1,2017-02-11,4.30862380891381,0.8,"ili perc","quantile"
"HHS Region 3",2017-02-04,1,2017-02-11,4.45589902390399,0.85,"ili perc","quantile"
"HHS Region 3",2017-02-04,1,2017-02-11,4.88771110219508,0.9,"ili perc","quantile"
"HHS Region 3",2017-02-04,1,2017-02-11,5.44612109586892,0.95,"ili perc","quantile"
"HHS Region 3",2017-02-04,1,2017-02-11,5.83950544171778,0.975,"ili perc","quantile"
"HHS Region 3",2017-02-04,1,2017-02-11,6.27200370848673,0.99,"ili perc","quantile"
"HHS Region 3",2017-02-04,2,2017-02-18,2.71828462861667,0.01,"ili perc","quantile"
"HHS Region 3",2017-02-04,2,2017-02-18,2.76456388707627,0.025,"ili perc","quantile"
"HHS Region 3",2017-02-04,2,2017-02-18,2.84548645064752,0.05,"ili perc","quantile"
"HHS Region 3",2017-02-04,2,2017-02-18,2.97462416564048,0.1,"ili perc","quantile"
"HHS Region 3",2017-02-04,2,2017-02-18,3.20498412836511,0.15,"ili perc","quantile"
"HHS Region 3",2017-02-04,2,2017-02-18,3.36342157660307,0.2,"ili perc","quantile"
"HHS Region 3",2017-02-04,2,2017-02-18,3.39751149682918,0.25,"ili perc","quantile"
"HHS Region 3",2017-02-04,2,2017-02-18,3.55849739433248,0.3,"ili perc","quantile"
"HHS Region 3",2017-02-04,2,2017-02-18,3.60745001690512,0.35,"ili perc","quantile"
"HHS Region 3",2017-02-04,2,2017-02-18,3.67624179524774,0.4,"ili perc","quantile"
"HHS Region 3",2017-02-04,2,2017-02-18,3.79806201426523,0.45,"ili perc","quantile"
"HHS Region 3",2017-02-04,2,2017-02-18,3.97794413928562,0.5,"ili perc","quantile"
"HHS Region 3",2017-02-04,2,2017-02-18,4.12356094954745,0.55,"ili perc","quantile"
"HHS Region 3",2017-02-04,2,2017-02-18,4.16587862525944,0.6,"ili perc","quantile"
"HHS Region 3",2017-02-04,2,2017-02-18,4.23562708428654,0.65,"ili perc","quantile"
"HHS Region 3",2017-02-04,2,2017-02-18,4.35872889285914,0.7,"ili perc","quantile"
"HHS Region 3",2017-02-04,2,2017-02-18,4.45469313094494,0.75,"ili perc","quantile"
"HHS Region 3",2017-02-04,2,2017-02-18,4.71850569914924,0.8,"ili perc","quantile"
"HHS Region 3",2017-02-04,2,2017-02-18,5.00491377375617,0.85,"ili perc","quantile"
"HHS Region 3",2017-02-04,2,2017-02-18,5.10524533141616,0.9,"ili perc","quantile"
"HHS Region 3",2017-02-04,2,2017-02-18,5.67626475902355,0.95,"ili perc","quantile"
"HHS Region 3",2017-02-04,2,2017-02-18,5.87262879534442,0.975,"ili perc","quantile"
"HHS Region 3",2017-02-04,2,2017-02-18,6.05411064034821,0.99,"ili perc","quantile"
"HHS Region 3",2017-02-04,3,2017-02-25,1.94105643149572,0.01,"ili perc","quantile"
"HHS Region 3",2017-02-04,3,2017-02-25,2.40256168654145,0.025,"ili perc","quantile"
"HHS Region 3",2017-02-04,3,2017-02-25,2.61621262765371,0.05,"ili perc","quantile"
"HHS Region 3",2017-02-04,3,2017-02-25,2.74665299185951,0.1,"ili perc","quantile"
"HHS Region 3",2017-02-04,3,2017-02-25,2.90352148398412,0.15,"ili perc","quantile"
"HHS Region 3",2017-02-04,3,2017-02-25,3.11711779633587,0.2,"ili perc","quantile"
"HHS Region 3",2017-02-04,3,2017-02-25,3.2198506965691,0.25,"ili perc","quantile"
"HHS Region 3",2017-02-04,3,2017-02-25,3.31428777132801,0.3,"ili perc","quantile"
"HHS Region 3",2017-02-04,3,2017-02-25,3.39860213262551,0.35,"ili perc","quantile"
"HHS Region 3",2017-02-04,3,2017-02-25,3.50805971016058,0.4,"ili perc","quantile"
"HHS Region 3",2017-02-04,3,2017-02-25,3.64586986458115,0.45,"ili perc","quantile"
"HHS Region 3",2017-02-04,3,2017-02-25,3.8467832988332,0.5,"ili perc","quantile"
"HHS Region 3",2017-02-04,3,2017-02-25,3.99820804317671,0.55,"ili perc","quantile"
"HHS Region 3",2017-02-04,3,2017-02-25,4.09251421750031,0.6,"ili perc","quantile"
"HHS Region 3",2017-02-04,3,2017-02-25,4.1562751250244,0.65,"ili perc","quantile"
"HHS Region 3",2017-02-04,3,2017-02-25,4.21490570390766,0.7,"ili perc","quantile"
"HHS Region 3",2017-02-04,3,2017-02-25,4.44273970891931,0.75,"ili perc","quantile"
"HHS Region 3",2017-02-04,3,2017-02-25,4.60770104604208,0.8,"ili perc","quantile"
"HHS Region 3",2017-02-04,3,2017-02-25,4.88765031893916,0.85,"ili perc","quantile"
"HHS Region 3",2017-02-04,3,2017-02-25,5.24052478886456,0.9,"ili perc","quantile"
"HHS Region 3",2017-02-04,3,2017-02-25,5.4402507153623,0.95,"ili perc","quantile"
"HHS Region 3",2017-02-04,3,2017-02-25,6.12594402822175,0.975,"ili perc","quantile"
"HHS Region 3",2017-02-04,3,2017-02-25,6.68418120126909,0.99,"ili perc","quantile"
"HHS Region 3",2017-02-04,4,2017-03-04,1.8592349014411,0.01,"ili perc","quantile"
"HHS Region 3",2017-02-04,4,2017-03-04,2.00767636927543,0.025,"ili perc","quantile"
"HHS Region 3",2017-02-04,4,2017-03-04,2.22335954282772,0.05,"ili perc","quantile"
"HHS Region 3",2017-02-04,4,2017-03-04,2.42999178476327,0.1,"ili perc","quantile"
"HHS Region 3",2017-02-04,4,2017-03-04,2.72411474660851,0.15,"ili perc","quantile"
"HHS Region 3",2017-02-04,4,2017-03-04,2.85229570642403,0.2,"ili perc","quantile"
"HHS Region 3",2017-02-04,4,2017-03-04,3.10004691417714,0.25,"ili perc","quantile"
"HHS Region 3",2017-02-04,4,2017-03-04,3.2370251960983,0.3,"ili perc","quantile"
"HHS Region 3",2017-02-04,4,2017-03-04,3.33259269530841,0.35,"ili perc","quantile"
"HHS Region 3",2017-02-04,4,2017-03-04,3.416507019207,0.4,"ili perc","quantile"
"HHS Region 3",2017-02-04,4,2017-03-04,3.5655013109512,0.45,"ili perc","quantile"
"HHS Region 3",2017-02-04,4,2017-03-04,3.68668589157672,0.5,"ili perc","quantile"
"HHS Region 3",2017-02-04,4,2017-03-04,3.72739658880659,0.55,"ili perc","quantile"
"HHS Region 3",2017-02-04,4,2017-03-04,3.79020632058683,0.6,"ili perc","quantile"
"HHS Region 3",2017-02-04,4,2017-03-04,3.86491504331245,0.65,"ili perc","quantile"
"HHS Region 3",2017-02-04,4,2017-03-04,4.02100543245241,0.7,"ili perc","quantile"
"HHS Region 3",2017-02-04,4,2017-03-04,4.2335468720114,0.75,"ili perc","quantile"
"HHS Region 3",2017-02-04,4,2017-03-04,4.4019985837368,0.8,"ili perc","quantile"
"HHS Region 3",2017-02-04,4,2017-03-04,4.81197161732913,0.85,"ili perc","quantile"
"HHS Region 3",2017-02-04,4,2017-03-04,5.17310949005935,0.9,"ili perc","quantile"
"HHS Region 3",2017-02-04,4,2017-03-04,5.71127850063223,0.95,"ili perc","quantile"
"HHS Region 3",2017-02-04,4,2017-03-04,5.94702294779418,0.975,"ili perc","quantile"
"HHS Region 3",2017-02-04,4,2017-03-04,7.04664409276981,0.99,"ili perc","quantile"
"HHS Region 4",2017-02-04,1,2017-02-11,3.66677614394745,0.01,"ili perc","quantile"
"HHS Region 4",2017-02-04,1,2017-02-11,3.75454475066949,0.025,"ili perc","quantile"
"HHS Region 4",2017-02-04,1,2017-02-11,4.06005155514018,0.05,"ili perc","quantile"
"HHS Region 4",2017-02-04,1,2017-02-11,4.13183943101479,0.1,"ili perc","quantile"
"HHS Region 4",2017-02-04,1,2017-02-11,4.48558749119432,0.15,"ili perc","quantile"
"HHS Region 4",2017-02-04,1,2017-02-11,4.58443804582419,0.2,"ili perc","quantile"
"HHS Region 4",2017-02-04,1,2017-02-11,4.63198138503969,0.25,"ili perc","quantile"
"HHS Region 4",2017-02-04,1,2017-02-11,4.67523126995228,0.3,"ili perc","quantile"
"HHS Region 4",2017-02-04,1,2017-02-11,4.75190331961841,0.35,"ili perc","quantile"
"HHS Region 4",2017-02-04,1,2017-02-11,4.77994162388951,0.4,"ili perc","quantile"
"HHS Region 4",2017-02-04,1,2017-02-11,4.83812885719355,0.45,"ili perc","quantile"
"HHS Region 4",2017-02-04,1,2017-02-11,4.87671786138934,0.5,"ili perc","quantile"
"HHS Region 4",2017-02-04,1,2017-02-11,4.9341365066602,0.55,"ili perc","quantile"
"HHS Region 4",2017-02-04,1,2017-02-11,5.02813056134228,0.6,"ili perc","quantile"
"HHS Region 4",2017-02-04,1,2017-02-11,5.11714481984232,0.65,"ili perc","quantile"
"HHS Region 4",2017-02-04,1,2017-02-11,5.17309822208504,0.7,"ili perc","quantile"
"HHS Region 4",2017-02-04,1,2017-02-11,5.2042636258961,0.75,"ili perc","quantile"
"HHS Region 4",2017-02-04,1,2017-02-11,5.28718300087472,0.8,"ili perc","quantile"
"HHS Region 4",2017-02-04,1,2017-02-11,5.66064303761354,0.85,"ili perc","quantile"
"HHS Region 4",2017-02-04,1,2017-02-11,6.03108941936645,0.9,"ili perc","quantile"
"HHS Region 4",2017-02-04,1,2017-02-11,6.22920840166437,0.95,"ili perc","quantile"
"HHS Region 4",2017-02-04,1,2017-02-11,6.73233895076401,0.975,"ili perc","quantile"
"HHS Region 4",2017-02-04,1,2017-02-11,7.17715949228986,0.99,"ili perc","quantile"
"HHS Region 4",2017-02-04,2,2017-02-18,2.97080423679418,0.01,"ili perc","quantile"
"HHS Region 4",2017-02-04,2,2017-02-18,3.16266179433298,0.025,"ili perc","quantile"
"HHS Region 4",2017-02-04,2,2017-02-18,3.50212093054,0.05,"ili perc","quantile"
"HHS Region 4",2017-02-04,2,2017-02-18,3.67960812181917,0.1,"ili perc","quantile"
"HHS Region 4",2017-02-04,2,2017-02-18,3.89107864533382,0.15,"ili perc","quantile"
"HHS Region 4",2017-02-04,2,2017-02-18,3.99097262919675,0.2,"ili perc","quantile"
"HHS Region 4",2017-02-04,2,2017-02-18,4.10649636373526,0.25,"ili perc","quantile"
"HHS Region 4",2017-02-04,2,2017-02-18,4.17155172698116,0.3,"ili perc","quantile"
"HHS Region 4",2017-02-04,2,2017-02-18,4.30307387731101,0.35,"ili perc","quantile"
"HHS Region 4",2017-02-04,2,2017-02-18,4.39821404938449,0.4,"ili perc","quantile"
"HHS Region 4",2017-02-04,2,2017-02-18,4.54753491630008,0.45,"ili perc","quantile"
"HHS Region 4",2017-02-04,2,2017-02-18,4.63645931939393,0.5,"ili perc","quantile"
"HHS Region 4",2017-02-04,2,2017-02-18,4.68233567320075,0.55,"ili perc","quantile"
"HHS Region 4",2017-02-04,2,2017-02-18,4.79289393646855,0.6,"ili perc","quantile"
"HHS Region 4",2017-02-04,2,2017-02-18,4.84073161929576,0.65,"ili perc","quantile"
"HHS Region 4",2017-02-04,2,2017-02-18,4.94257722698462,0.7,"ili perc","quantile"
"HHS Region 4",2017-02-04,2,2017-02-18,5.10677725703249,0.75,"ili perc","quantile"
"HHS Region 4",2017-02-04,2,2017-02-18,5.44041294371715,0.8,"ili perc","quantile"
"HHS Region 4",2017-02-04,2,2017-02-18,5.66527752398556,0.85,"ili perc","quantile"
"HHS Region 4",2017-02-04,2,2017-02-18,5.94525147157339,0.9,"ili perc","quantile"
"HHS Region 4",2017-02-04,2,2017-02-18,6.41617782697607,0.95,"ili perc","quantile"
"HHS Region 4",2017-02-04,2,2017-02-18,7.22557403215802,0.975,"ili perc","quantile"
"HHS Region 4",2017-02-04,2,2017-02-18,8.93519492041108,0.99,"ili perc","quantile"
"HHS Region 4",2017-02-04,3,2017-02-25,2.43285179173474,0.01,"ili perc","quantile"
"HHS Region 4",2017-02-04,3,2017-02-25,2.51979998959854,0.025,"ili perc","quantile"
"HHS Region 4",2017-02-04,3,2017-02-25,2.76740899574453,0.05,"ili perc","quantile"
"HHS Region 4",2017-02-04,3,2017-02-25,3.24163852375425,0.1,"ili perc","quantile"
"HHS Region 4",2017-02-04,3,2017-02-25,3.46468450540044,0.15,"ili perc","quantile"
"HHS Region 4",2017-02-04,3,2017-02-25,3.6354571982895,0.2,"ili perc","quantile"
"HHS Region 4",2017-02-04,3,2017-02-25,3.67490898856482,0.25,"ili perc","quantile"
"HHS Region 4",2017-02-04,3,2017-02-25,3.8171666426992,0.3,"ili perc","quantile"
"HHS Region 4",2017-02-04,3,2017-02-25,3.89392428727492,0.35,"ili perc","quantile"
"HHS Region 4",2017-02-04,3,2017-02-25,3.95453784617882,0.4,"ili perc","quantile"
"HHS Region 4",2017-02-04,3,2017-02-25,3.99991429887552,0.45,"ili perc","quantile"
"HHS Region 4",2017-02-04,3,2017-02-25,4.10112486349334,0.5,"ili perc","quantile"
"HHS Region 4",2017-02-04,3,2017-02-25,4.19105407877975,0.55,"ili perc","quantile"
"HHS Region 4",2017-02-04,3,2017-02-25,4.38915718826651,0.6,"ili perc","quantile"
"HHS Region 4",2017-02-04,3,2017-02-25,4.72182036883709,0.65,"ili perc","quantile"
"HHS Region 4",2017-02-04,3,2017-02-25,4.82881188411623,0.7,"ili perc","quantile"
"HHS Region 4",2017-02-04,3,2017-02-25,5.00026840102386,0.75,"ili perc","quantile"
"HHS Region 4",2017-02-04,3,2017-02-25,5.2907081545795,0.8,"ili perc","quantile"
"HHS Region 4",2017-02-04,3,2017-02-25,5.50619875420074,0.85,"ili perc","quantile"
"HHS Region 4",2017-02-04,3,2017-02-25,5.72003264933802,0.9,"ili perc","quantile"
"HHS Region 4",2017-02-04,3,2017-02-25,6.0037998840314,0.95,"ili perc","quantile"
"HHS Region 4",2017-02-04,3,2017-02-25,6.896124829599,0.975,"ili perc","quantile"
"HHS Region 4",2017-02-04,3,2017-02-25,8.89558797735822,0.99,"ili perc","quantile"
"HHS Region 4",2017-02-04,4,2017-03-04,1.85716677411228,0.01,"ili perc","quantile"
"HHS Region 4",2017-02-04,4,2017-03-04,2.15674535174902,0.025,"ili perc","quantile"
"HHS Region 4",2017-02-04,4,2017-03-04,2.43251265861667,0.05,"ili perc","quantile"
"HHS Region 4",2017-02-04,4,2017-03-04,2.76560535216437,0.1,"ili perc","quantile"
"HHS Region 4",2017-02-04,4,2017-03-04,2.94537210661373,0.15,"ili perc","quantile"
"HHS Region 4",2017-02-04,4,2017-03-04,3.21751970158556,0.2,"ili perc","quantile"
"HHS Region 4",2017-02-04,4,2017-03-04,3.33876889647871,0.25,"ili perc","quantile"
"HHS Region 4",2017-02-04,4,2017-03-04,3.45808897844375,0.3,"ili perc","quantile"
"HHS Region 4",2017-02-04,4,2017-03-04,3.57364289226475,0.35,"ili perc","quantile"
"HHS Region 4",2017-02-04,4,2017-03-04,3.67552256222939,0.4,"ili perc","quantile"
"HHS Region 4",2017-02-04,4,2017-03-04,3.74006238329342,0.45,"ili perc","quantile"
"HHS Region 4",2017-02-04,4,2017-03-04,3.86471328704754,0.5,"ili perc","quantile"
"HHS Region 4",2017-02-04,4,2017-03-04,4.05255373973974,0.55,"ili perc","quantile"
"HHS Region 4",2017-02-04,4,2017-03-04,4.17943068346072,0.6,"ili perc","quantile"
"HHS Region 4",2017-02-04,4,2017-03-04,4.22167872369311,0.65,"ili perc","quantile"
"HHS Region 4",2017-02-04,4,2017-03-04,4.30253264007295,0.7,"ili perc","quantile"
"HHS Region 4",2017-02-04,4,2017-03-04,4.68426421138953,0.75,"ili perc","quantile"
"HHS Region 4",2017-02-04,4,2017-03-04,4.91296082713654,0.8,"ili perc","quantile"
"HHS Region 4",2017-02-04,4,2017-03-04,5.11357748614633,0.85,"ili perc","quantile"
"HHS Region 4",2017-02-04,4,2017-03-04,5.7415576887607,0.9,"ili perc","quantile"
"HHS Region 4",2017-02-04,4,2017-03-04,6.4569155726933,0.95,"ili perc","quantile"
"HHS Region 4",2017-02-04,4,2017-03-04,6.83453619752811,0.975,"ili perc","quantile"
"HHS Region 4",2017-02-04,4,2017-03-04,8.25039879455825,0.99,"ili perc","quantile"
"HHS Region 5",2017-02-04,1,2017-02-11,2.48715899504363,0.01,"ili perc","quantile"
"HHS Region 5",2017-02-04,1,2017-02-11,2.73991113091927,0.025,"ili perc","quantile"
"HHS Region 5",2017-02-04,1,2017-02-11,2.7763012426518,0.05,"ili perc","quantile"
"HHS Region 5",2017-02-04,1,2017-02-11,2.82029083132748,0.1,"ili perc","quantile"
"HHS Region 5",2017-02-04,1,2017-02-11,2.88327536958707,0.15,"ili perc","quantile"
"HHS Region 5",2017-02-04,1,2017-02-11,2.9783348543152,0.2,"ili perc","quantile"
"HHS Region 5",2017-02-04,1,2017-02-11,3.00303835052275,0.25,"ili perc","quantile"
"HHS Region 5",2017-02-04,1,2017-02-11,3.045075285678,0.3,"ili perc","quantile"
"HHS Region 5",2017-02-04,1,2017-02-11,3.09585357149932,0.35,"ili perc","quantile"
"HHS Region 5",2017-02-04,1,2017-02-11,3.13904077599783,0.4,"ili perc","quantile"
"HHS Region 5",2017-02-04,1,2017-02-11,3.15758048668434,0.45,"ili perc","quantile"
"HHS Region 5",2017-02-04,1,2017-02-11,3.19373435784425,0.5,"ili perc","quantile"
"HHS Region 5",2017-02-04,1,2017-02-11,3.2433594805215,0.55,"ili perc","quantile"
"HHS Region 5",2017-02-04,1,2017-02-11,3.25753723494206,0.6,"ili perc","quantile"
"HHS Region 5",2017-02-04,1,2017-02-11,3.34408644693914,0.65,"ili perc","quantile"
"HHS Region 5",2017-02-04,1,2017-02-11,3.3963219118402,0.7,"ili perc","quantile"
"HHS Region 5",2017-02-04,1,2017-02-11,3.48865573336691,0.75,"ili perc","quantile"
"HHS Region 5",2017-02-04,1,2017-02-11,3.60842315867766,0.8,"ili perc","quantile"
"HHS Region 5",2017-02-04,1,2017-02-11,3.69597245072477,0.85,"ili perc","quantile"
"HHS Region 5",2017-02-04,1,2017-02-11,3.82853965833982,0.9,"ili perc","quantile"
"HHS Region 5",2017-02-04,1,2017-02-11,3.95985727231646,0.95,"ili perc","quantile"
"HHS Region 5",2017-02-04,1,2017-02-11,4.50054257628623,0.975,"ili perc","quantile"
"HHS Region 5",2017-02-04,1,2017-02-11,4.88150359083685,0.99,"ili perc","quantile"
"HHS Region 5",2017-02-04,2,2017-02-18,1.98395383827606,0.01,"ili perc","quantile"
"HHS Region 5",2017-02-04,2,2017-02-18,2.03041527717908,0.025,"ili perc","quantile"
"HHS Region 5",2017-02-04,2,2017-02-18,2.20253233841246,0.05,"ili perc","quantile"
"HHS Region 5",2017-02-04,2,2017-02-18,2.36397482493449,0.1,"ili perc","quantile"
"HHS Region 5",2017-02-04,2,2017-02-18,2.53200230440963,0.15,"ili perc","quantile"
"HHS Region 5",2017-02-04,2,2017-02-18,2.65476171440192,0.2,"ili perc","quantile"
"HHS Region 5",2017-02-04,2,2017-02-18,2.71474946039775,0.25,"ili perc","quantile"
"HHS Region 5",2017-02-04,2,2017-02-18,2.80346558089636,0.3,"ili perc","quantile"
"HHS Region 5",2017-02-04,2,2017-02-18,2.87774198581124,0.35,"ili perc","quantile"
"HHS Region 5",2017-02-04,2,2017-02-18,2.90560766783716,0.4,"ili perc","quantile"
"HHS Region 5",2017-02-04,2,2017-02-18,2.94179043252118,0.45,"ili perc","quantile"
"HHS Region 5",2017-02-04,2,2017-02-18,3.01579249871802,0.5,"ili perc","quantile"
"HHS Region 5",2017-02-04,2,2017-02-18,3.05592096299435,0.55,"ili perc","quantile"
"HHS Region 5",2017-02-04,2,2017-02-18,3.15977483173253,0.6,"ili perc","quantile"
"HHS Region 5",2017-02-04,2,2017-02-18,3.22048028579354,0.65,"ili perc","quantile"
"HHS Region 5",2017-02-04,2,2017-02-18,3.35527014456929,0.7,"ili perc","quantile"
"HHS Region 5",2017-02-04,2,2017-02-18,3.48465654111899,0.75,"ili perc","quantile"
"HHS Region 5",2017-02-04,2,2017-02-18,3.59715673430215,0.8,"ili perc","quantile"
"HHS Region 5",2017-02-04,2,2017-02-18,3.71204636164605,0.85,"ili perc","quantile"
"HHS Region 5",2017-02-04,2,2017-02-18,3.85162420406958,0.9,"ili perc","quantile"
"HHS Region 5",2017-02-04,2,2017-02-18,4.27401956926414,0.95,"ili perc","quantile"
"HHS Region 5",2017-02-04,2,2017-02-18,4.93367887205768,0.975,"ili perc","quantile"
"HHS Region 5",2017-02-04,2,2017-02-18,5.37644498531526,0.99,"ili perc","quantile"
"HHS Region 5",2017-02-04,3,2017-02-25,1.44861539869399,0.01,"ili perc","quantile"
"HHS Region 5",2017-02-04,3,2017-02-25,1.67279379552906,0.025,"ili perc","quantile"
"HHS Region 5",2017-02-04,3,2017-02-25,1.73846785441587,0.05,"ili perc","quantile"
"HHS Region 5",2017-02-04,3,2017-02-25,1.90470490880498,0.1,"ili perc","quantile"
"HHS Region 5",2017-02-04,3,2017-02-25,2.19532245372186,0.15,"ili perc","quantile"
"HHS Region 5",2017-02-04,3,2017-02-25,2.37265224635196,0.2,"ili perc","quantile"
"HHS Region 5",2017-02-04,3,2017-02-25,2.48243695085229,0.25,"ili perc","quantile"
"HHS Region 5",2017-02-04,3,2017-02-25,2.56235102955983,0.3,"ili perc","quantile"
"HHS Region 5",2017-02-04,3,2017-02-25,2.62028379883653,0.35,"ili perc","quantile"
"HHS Region 5",2017-02-04,3,2017-02-25,2.63925110123418,0.4,"ili perc","quantile"
"HHS Region 5",2017-02-04,3,2017-02-25,2.73773509671253,0.45,"ili perc","quantile"
"HHS Region 5",2017-02-04,3,2017-02-25,2.79970352178999,0.5,"ili perc","quantile"
"HHS Region 5",2017-02-04,3,2017-02-25,2.91720893371367,0.55,"ili perc","quantile"
"HHS Region 5",2017-02-04,3,2017-02-25,3.0335933595732,0.6,"ili perc","quantile"
"HHS Region 5",2017-02-04,3,2017-02-25,3.12017387274386,0.65,"ili perc","quantile"
"HHS Region 5",2017-02-04,3,2017-02-25,3.23589130316908,0.7,"ili perc","quantile"
"HHS Region 5",2017-02-04,3,2017-02-25,3.27849494601463,0.75,"ili perc","quantile"
"HHS Region 5",2017-02-04,3,2017-02-25,3.50077013612708,0.8,"ili perc","quantile"
"HHS Region 5",2017-02-04,3,2017-02-25,3.76042780415167,0.85,"ili perc","quantile"
"HHS Region 5",2017-02-04,3,2017-02-25,4.26449889182244,0.9,"ili perc","quantile"
"HHS Region 5",2017-02-04,3,2017-02-25,4.64767071852616,0.95,"ili perc","quantile"
"HHS Region 5",2017-02-04,3,2017-02-25,5.44171396298772,0.975,"ili perc","quantile"
"HHS Region 5",2017-02-04,3,2017-02-25,5.55761236281779,0.99,"ili perc","quantile"
"HHS Region 5",2017-02-04,4,2017-03-04,1.24934239024074,0.01,"ili perc","quantile"
"HHS Region 5",2017-02-04,4,2017-03-04,1.30967052445654,0.025,"ili perc","quantile"
"HHS Region 5",2017-02-04,4,2017-03-04,1.53903481908151,0.05,"ili perc","quantile"
"HHS Region 5",2017-02-04,4,2017-03-04,1.7891429658917,0.1,"ili perc","quantile"
"HHS Region 5",2017-02-04,4,2017-03-04,1.90042807564581,0.15,"ili perc","quantile"
"HHS Region 5",2017-02-04,4,2017-03-04,2.03205817239872,0.2,"ili perc","quantile"
"HHS Region 5",2017-02-04,4,2017-03-04,2.15530454114799,0.25,"ili perc","quantile"
"HHS Region 5",2017-02-04,4,2017-03-04,2.20976185864197,0.3,"ili perc","quantile"
"HHS Region 5",2017-02-04,4,2017-03-04,2.2859987701953,0.35,"ili perc","quantile"
"HHS Region 5",2017-02-04,4,2017-03-04,2.35385976398994,0.4,"ili perc","quantile"
"HHS Region 5",2017-02-04,4,2017-03-04,2.44631986942541,0.45,"ili perc","quantile"
"HHS Region 5",2017-02-04,4,2017-03-04,2.5457545930068,0.5,"ili perc","quantile"
"HHS Region 5",2017-02-04,4,2017-03-04,2.64200245245989,0.55,"ili perc","quantile"
"HHS Region 5",2017-02-04,4,2017-03-04,2.77282332527734,0.6,"ili perc","quantile"
"HHS Region 5",2017-02-04,4,2017-03-04,2.85688052248911,0.65,"ili perc","quantile"
"HHS Region 5",2017-02-04,4,2017-03-04,3.08396557109002,0.7,"ili perc","quantile"
"HHS Region 5",2017-02-04,4,2017-03-04,3.253558629885,0.75,"ili perc","quantile"
"HHS Region 5",2017-02-04,4,2017-03-04,3.46906527757361,0.8,"ili perc","quantile"
"HHS Region 5",2017-02-04,4,2017-03-04,3.62686554248341,0.85,"ili perc","quantile"
"HHS Region 5",2017-02-04,4,2017-03-04,3.9442275597729,0.9,"ili perc","quantile"
"HHS Region 5",2017-02-04,4,2017-03-04,4.66735710692143,0.95,"ili perc","quantile"
"HHS Region 5",2017-02-04,4,2017-03-04,5.40682271339469,0.975,"ili perc","quantile"
"HHS Region 5",2017-02-04,4,2017-03-04,5.70527198283973,0.99,"ili perc","quantile"
"HHS Region 6",2017-02-04,1,2017-02-11,5.70910370149281,0.01,"ili perc","quantile"
"HHS Region 6",2017-02-04,1,2017-02-11,5.76561286250555,0.025,"ili perc","quantile"
"HHS Region 6",2017-02-04,1,2017-02-11,5.9384856007495,0.05,"ili perc","quantile"
"HHS Region 6",2017-02-04,1,2017-02-11,6.14151161487847,0.1,"ili perc","quantile"
"HHS Region 6",2017-02-04,1,2017-02-11,6.4934022390812,0.15,"ili perc","quantile"
"HHS Region 6",2017-02-04,1,2017-02-11,6.64674319254531,0.2,"ili perc","quantile"
"HHS Region 6",2017-02-04,1,2017-02-11,6.84542003654112,0.25,"ili perc","quantile"
"HHS Region 6",2017-02-04,1,2017-02-11,6.95988690236428,0.3,"ili perc","quantile"
"HHS Region 6",2017-02-04,1,2017-02-11,7.19816106521937,0.35,"ili perc","quantile"
"HHS Region 6",2017-02-04,1,2017-02-11,7.26020061866135,0.4,"ili perc","quantile"
"HHS Region 6",2017-02-04,1,2017-02-11,7.47829349617043,0.45,"ili perc","quantile"
"HHS Region 6",2017-02-04,1,2017-02-11,7.60983148096523,0.5,"ili perc","quantile"
"HHS Region 6",2017-02-04,1,2017-02-11,7.72517135849388,0.55,"ili perc","quantile"
"HHS Region 6",2017-02-04,1,2017-02-11,7.86305695535769,0.6,"ili perc","quantile"
"HHS Region 6",2017-02-04,1,2017-02-11,7.97035702041059,0.65,"ili perc","quantile"
"HHS Region 6",2017-02-04,1,2017-02-11,8.04132285753377,0.7,"ili perc","quantile"
"HHS Region 6",2017-02-04,1,2017-02-11,8.14102284599165,0.75,"ili perc","quantile"
"HHS Region 6",2017-02-04,1,2017-02-11,8.42139226862629,0.8,"ili perc","quantile"
"HHS Region 6",2017-02-04,1,2017-02-11,8.48430997234138,0.85,"ili perc","quantile"
"HHS Region 6",2017-02-04,1,2017-02-11,8.81450430421767,0.9,"ili perc","quantile"
"HHS Region 6",2017-02-04,1,2017-02-11,9.38177938077494,0.95,"ili perc","quantile"
"HHS Region 6",2017-02-04,1,2017-02-11,9.8006285205368,0.975,"ili perc","quantile"
"HHS Region 6",2017-02-04,1,2017-02-11,10.6987707252884,0.99,"ili perc","quantile"
"HHS Region 6",2017-02-04,2,2017-02-18,4.15083239908481,0.01,"ili perc","quantile"
"HHS Region 6",2017-02-04,2,2017-02-18,5.28669828928177,0.025,"ili perc","quantile"
"HHS Region 6",2017-02-04,2,2017-02-18,5.62858517729346,0.05,"ili perc","quantile"
"HHS Region 6",2017-02-04,2,2017-02-18,5.91155482879117,0.1,"ili perc","quantile"
"HHS Region 6",2017-02-04,2,2017-02-18,6.07518983835484,0.15,"ili perc","quantile"
"HHS Region 6",2017-02-04,2,2017-02-18,6.26004436133287,0.2,"ili perc","quantile"
"HHS Region 6",2017-02-04,2,2017-02-18,6.5180130393454,0.25,"ili perc","quantile"
"HHS Region 6",2017-02-04,2,2017-02-18,6.54549029201673,0.3,"ili perc","quantile"
"HHS Region 6",2017-02-04,2,2017-02-18,6.74974244967157,0.35,"ili perc","quantile"
"HHS Region 6",2017-02-04,2,2017-02-18,6.9893111614253,0.4,"ili perc","quantile"
"HHS Region 6",2017-02-04,2,2017-02-18,7.07725420545764,0.45,"ili perc","quantile"
"HHS Region 6",2017-02-04,2,2017-02-18,7.22887758798418,0.5,"ili perc","quantile"
"HHS Region 6",2017-02-04,2,2017-02-18,7.3313987507121,0.55,"ili perc","quantile"
"HHS Region 6",2017-02-04,2,2017-02-18,7.55992648506237,0.6,"ili perc","quantile"
"HHS Region 6",2017-02-04,2,2017-02-18,7.93340852779569,0.65,"ili perc","quantile"
"HHS Region 6",2017-02-04,2,2017-02-18,8.23673460932788,0.7,"ili perc","quantile"
"HHS Region 6",2017-02-04,2,2017-02-18,8.44331723115667,0.75,"ili perc","quantile"
"HHS Region 6",2017-02-04,2,2017-02-18,8.57757131652497,0.8,"ili perc","quantile"
"HHS Region 6",2017-02-04,2,2017-02-18,8.88962470303206,0.85,"ili perc","quantile"
"HHS Region 6",2017-02-04,2,2017-02-18,9.35340541583698,0.9,"ili perc","quantile"
"HHS Region 6",2017-02-04,2,2017-02-18,10.3086866196781,0.95,"ili perc","quantile"
"HHS Region 6",2017-02-04,2,2017-02-18,11.2142576489305,0.975,"ili perc","quantile"
"HHS Region 6",2017-02-04,2,2017-02-18,12.3499067462982,0.99,"ili perc","quantile"
"HHS Region 6",2017-02-04,3,2017-02-25,3.52804525617319,0.01,"ili perc","quantile"
"HHS Region 6",2017-02-04,3,2017-02-25,3.72624832406214,0.025,"ili perc","quantile"
"HHS Region 6",2017-02-04,3,2017-02-25,4.29122205921768,0.05,"ili perc","quantile"
"HHS Region 6",2017-02-04,3,2017-02-25,4.86058338698763,0.1,"ili perc","quantile"
"HHS Region 6",2017-02-04,3,2017-02-25,5.23585703241307,0.15,"ili perc","quantile"
"HHS Region 6",2017-02-04,3,2017-02-25,5.64784561228862,0.2,"ili perc","quantile"
"HHS Region 6",2017-02-04,3,2017-02-25,6.02507577940377,0.25,"ili perc","quantile"
"HHS Region 6",2017-02-04,3,2017-02-25,6.11792435268682,0.3,"ili perc","quantile"
"HHS Region 6",2017-02-04,3,2017-02-25,6.29277634131657,0.35,"ili perc","quantile"
"HHS Region 6",2017-02-04,3,2017-02-25,6.48581450585314,0.4,"ili perc","quantile"
"HHS Region 6",2017-02-04,3,2017-02-25,6.80484944042887,0.45,"ili perc","quantile"
"HHS Region 6",2017-02-04,3,2017-02-25,6.92077535537665,0.5,"ili perc","quantile"
"HHS Region 6",2017-02-04,3,2017-02-25,7.02391144369553,0.55,"ili perc","quantile"
"HHS Region 6",2017-02-04,3,2017-02-25,7.24157681126098,0.6,"ili perc","quantile"
"HHS Region 6",2017-02-04,3,2017-02-25,7.45661742800724,0.65,"ili perc","quantile"
"HHS Region 6",2017-02-04,3,2017-02-25,7.67773190917756,0.7,"ili perc","quantile"
"HHS Region 6",2017-02-04,3,2017-02-25,8.12439019289936,0.75,"ili perc","quantile"
"HHS Region 6",2017-02-04,3,2017-02-25,8.37313188906712,0.8,"ili perc","quantile"
"HHS Region 6",2017-02-04,3,2017-02-25,8.58091904905407,0.85,"ili perc","quantile"
"HHS Region 6",2017-02-04,3,2017-02-25,9.26071654700985,0.9,"ili perc","quantile"
"HHS Region 6",2017-02-04,3,2017-02-25,10.2973571592976,0.95,"ili perc","quantile"
"HHS Region 6",2017-02-04,3,2017-02-25,11.6348299832961,0.975,"ili perc","quantile"
"HHS Region 6",2017-02-04,3,2017-02-25,12.7998086279772,0.99,"ili perc","quantile"
"HHS Region 6",2017-02-04,4,2017-03-04,3.05642118298813,0.01,"ili perc","quantile"
"HHS Region 6",2017-02-04,4,2017-03-04,3.30150043949294,0.025,"ili perc","quantile"
"HHS Region 6",2017-02-04,4,2017-03-04,3.94768522626849,0.05,"ili perc","quantile"
"HHS Region 6",2017-02-04,4,2017-03-04,4.39718667150858,0.1,"ili perc","quantile"
"HHS Region 6",2017-02-04,4,2017-03-04,4.89708040759442,0.15,"ili perc","quantile"
"HHS Region 6",2017-02-04,4,2017-03-04,5.25945748641623,0.2,"ili perc","quantile"
"HHS Region 6",2017-02-04,4,2017-03-04,5.56292113088518,0.25,"ili perc","quantile"
"HHS Region 6",2017-02-04,4,2017-03-04,5.77392780795053,0.3,"ili perc","quantile"
"HHS Region 6",2017-02-04,4,2017-03-04,6.01211557815018,0.35,"ili perc","quantile"
"HHS Region 6",2017-02-04,4,2017-03-04,6.12681305466308,0.4,"ili perc","quantile"
"HHS Region 6",2017-02-04,4,2017-03-04,6.38922051945135,0.45,"ili perc","quantile"
"HHS Region 6",2017-02-04,4,2017-03-04,6.56220327505255,0.5,"ili perc","quantile"
"HHS Region 6",2017-02-04,4,2017-03-04,6.76196234717616,0.55,"ili perc","quantile"
"HHS Region 6",2017-02-04,4,2017-03-04,6.90958289787584,0.6,"ili perc","quantile"
"HHS Region 6",2017-02-04,4,2017-03-04,7.06524090229332,0.65,"ili perc","quantile"
"HHS Region 6",2017-02-04,4,2017-03-04,7.31160593258125,0.7,"ili perc","quantile"
"HHS Region 6",2017-02-04,4,2017-03-04,7.52593058209294,0.75,"ili perc","quantile"
"HHS Region 6",2017-02-04,4,2017-03-04,7.94649837792435,0.8,"ili perc","quantile"
"HHS Region 6",2017-02-04,4,2017-03-04,8.12684427691351,0.85,"ili perc","quantile"
"HHS Region 6",2017-02-04,4,2017-03-04,8.42724811399215,0.9,"ili perc","quantile"
"HHS Region 6",2017-02-04,4,2017-03-04,9.9790406800452,0.95,"ili perc","quantile"
"HHS Region 6",2017-02-04,4,2017-03-04,10.4170160594483,0.975,"ili perc","quantile"
"HHS Region 6",2017-02-04,4,2017-03-04,13.3920059910684,0.99,"ili perc","quantile"
"HHS Region 7",2017-02-04,1,2017-02-11,2.51548930557079,0.01,"ili perc","quantile"
"HHS Region 7",2017-02-04,1,2017-02-11,3.01527519038311,0.025,"ili perc","quantile"
"HHS Region 7",2017-02-04,1,2017-02-11,3.49321230120074,0.05,"ili perc","quantile"
"HHS Region 7",2017-02-04,1,2017-02-11,4.14773280127323,0.1,"ili perc","quantile"
"HHS Region 7",2017-02-04,1,2017-02-11,4.50515224821586,0.15,"ili perc","quantile"
"HHS Region 7",2017-02-04,1,2017-02-11,4.72358742007555,0.2,"ili perc","quantile"
"HHS Region 7",2017-02-04,1,2017-02-11,4.90176195087615,0.25,"ili perc","quantile"
"HHS Region 7",2017-02-04,1,2017-02-11,5.05932955449694,0.3,"ili perc","quantile"
"HHS Region 7",2017-02-04,1,2017-02-11,5.20641466501402,0.35,"ili perc","quantile"
"HHS Region 7",2017-02-04,1,2017-02-11,5.44742410042158,0.4,"ili perc","quantile"
"HHS Region 7",2017-02-04,1,2017-02-11,5.46810955721111,0.45,"ili perc","quantile"
"HHS Region 7",2017-02-04,1,2017-02-11,5.56164991202239,0.5,"ili perc","quantile"
"HHS Region 7",2017-02-04,1,2017-02-11,5.70488706965339,0.55,"ili perc","quantile"
"HHS Region 7",2017-02-04,1,2017-02-11,5.80945212623909,0.6,"ili perc","quantile"
"HHS Region 7",2017-02-04,1,2017-02-11,5.88802138624004,0.65,"ili perc","quantile"
"HHS Region 7",2017-02-04,1,2017-02-11,5.97519020224578,0.7,"ili perc","quantile"
"HHS Region 7",2017-02-04,1,2017-02-11,6.09555437503857,0.75,"ili perc","quantile"
"HHS Region 7",2017-02-04,1,2017-02-11,6.33932347385667,0.8,"ili perc","quantile"
"HHS Region 7",2017-02-04,1,2017-02-11,6.72271291372936,0.85,"ili perc","quantile"
"HHS Region 7",2017-02-04,1,2017-02-11,7.18397452481202,0.9,"ili perc","quantile"
"HHS Region 7",2017-02-04,1,2017-02-11,8.2498571250557,0.95,"ili perc","quantile"
"HHS Region 7",2017-02-04,1,2017-02-11,9.56566247117531,0.975,"ili perc","quantile"
"HHS Region 7",2017-02-04,1,2017-02-11,9.79352871649699,0.99,"ili perc","quantile"
"HHS Region 7",2017-02-04,2,2017-02-18,2.57310148043184,0.01,"ili perc","quantile"
"HHS Region 7",2017-02-04,2,2017-02-18,2.72399537898943,0.025,"ili perc","quantile"
"HHS Region 7",2017-02-04,2,2017-02-18,3.12911594848122,0.05,"ili perc","quantile"
"HHS Region 7",2017-02-04,2,2017-02-18,3.68557039131633,0.1,"ili perc","quantile"
"HHS Region 7",2017-02-04,2,2017-02-18,3.82920661876432,0.15,"ili perc","quantile"
"HHS Region 7",2017-02-04,2,2017-02-18,4.18948433682231,0.2,"ili perc","quantile"
"HHS Region 7",2017-02-04,2,2017-02-18,4.41954453111309,0.25,"ili perc","quantile"
"HHS Region 7",2017-02-04,2,2017-02-18,4.59925855549815,0.3,"ili perc","quantile"
"HHS Region 7",2017-02-04,2,2017-02-18,4.69050329990962,0.35,"ili perc","quantile"
"HHS Region 7",2017-02-04,2,2017-02-18,4.90456154031473,0.4,"ili perc","quantile"
"HHS Region 7",2017-02-04,2,2017-02-18,5.15345437194536,0.45,"ili perc","quantile"
"HHS Region 7",2017-02-04,2,2017-02-18,5.29154360375268,0.5,"ili perc","quantile"
"HHS Region 7",2017-02-04,2,2017-02-18,5.44181780705763,0.55,"ili perc","quantile"
"HHS Region 7",2017-02-04,2,2017-02-18,5.7165499390714,0.6,"ili perc","quantile"
"HHS Region 7",2017-02-04,2,2017-02-18,6.02524949378591,0.65,"ili perc","quantile"
"HHS Region 7",2017-02-04,2,2017-02-18,6.12575775409474,0.7,"ili perc","quantile"
"HHS Region 7",2017-02-04,2,2017-02-18,6.60675128982873,0.75,"ili perc","quantile"
"HHS Region 7",2017-02-04,2,2017-02-18,6.8784939163436,0.8,"ili perc","quantile"
"HHS Region 7",2017-02-04,2,2017-02-18,7.32183383630522,0.85,"ili perc","quantile"
"HHS Region 7",2017-02-04,2,2017-02-18,7.88757139236295,0.9,"ili perc","quantile"
"HHS Region 7",2017-02-04,2,2017-02-18,9.09045492326917,0.95,"ili perc","quantile"
"HHS Region 7",2017-02-04,2,2017-02-18,10.5110203781029,0.975,"ili perc","quantile"
"HHS Region 7",2017-02-04,2,2017-02-18,13.4860664131282,0.99,"ili perc","quantile"
"HHS Region 7",2017-02-04,3,2017-02-25,1.95679906892301,0.01,"ili perc","quantile"
"HHS Region 7",2017-02-04,3,2017-02-25,2.07366216232858,0.025,"ili perc","quantile"
"HHS Region 7",2017-02-04,3,2017-02-25,2.61140621805147,0.05,"ili perc","quantile"
"HHS Region 7",2017-02-04,3,2017-02-25,2.94392137879931,0.1,"ili perc","quantile"
"HHS Region 7",2017-02-04,3,2017-02-25,3.05547464004482,0.15,"ili perc","quantile"
"HHS Region 7",2017-02-04,3,2017-02-25,3.38430574600039,0.2,"ili perc","quantile"
"HHS Region 7",2017-02-04,3,2017-02-25,3.63146220926957,0.25,"ili perc","quantile"
"HHS Region 7",2017-02-04,3,2017-02-25,3.98238283415928,0.3,"ili perc","quantile"
"HHS Region 7",2017-02-04,3,2017-02-25,4.18957668329136,0.35,"ili perc","quantile"
"HHS Region 7",2017-02-04,3,2017-02-25,4.30418987239953,0.4,"ili perc","quantile"
"HHS Region 7",2017-02-04,3,2017-02-25,4.50676884970563,0.45,"ili perc","quantile"
"HHS Region 7",2017-02-04,3,2017-02-25,4.5737943201518,0.5,"ili perc","quantile"
"HHS Region 7",2017-02-04,3,2017-02-25,4.90787084973157,0.55,"ili perc","quantile"
"HHS Region 7",2017-02-04,3,2017-02-25,5.09715212279242,0.6,"ili perc","quantile"
"HHS Region 7",2017-02-04,3,2017-02-25,5.63512621448983,0.65,"ili perc","quantile"
"HHS Region 7",2017-02-04,3,2017-02-25,6.08544991134088,0.7,"ili perc","quantile"
"HHS Region 7",2017-02-04,3,2017-02-25,6.46142345449757,0.75,"ili perc","quantile"
"HHS Region 7",2017-02-04,3,2017-02-25,6.97903397425715,0.8,"ili perc","quantile"
"HHS Region 7",2017-02-04,3,2017-02-25,7.57165044808765,0.85,"ili perc","quantile"
"HHS Region 7",2017-02-04,3,2017-02-25,8.52551374689126,0.9,"ili perc","quantile"
"HHS Region 7",2017-02-04,3,2017-02-25,9.47011288492086,0.95,"ili perc","quantile"
"HHS Region 7",2017-02-04,3,2017-02-25,10.8227992481239,0.975,"ili perc","quantile"
"HHS Region 7",2017-02-04,3,2017-02-25,12.1231496338154,0.99,"ili perc","quantile"
"HHS Region 7",2017-02-04,4,2017-03-04,1.69022214670632,0.01,"ili perc","quantile"
"HHS Region 7",2017-02-04,4,2017-03-04,1.7875278416716,0.025,"ili perc","quantile"
"HHS Region 7",2017-02-04,4,2017-03-04,2.20994081098086,0.05,"ili perc","quantile"
"HHS Region 7",2017-02-04,4,2017-03-04,2.49004931611962,0.1,"ili perc","quantile"
"HHS Region 7",2017-02-04,4,2017-03-04,2.69192229765007,0.15,"ili perc","quantile"
"HHS Region 7",2017-02-04,4,2017-03-04,2.87808765650966,0.2,"ili perc","quantile"
"HHS Region 7",2017-02-04,4,2017-03-04,3.27462112055818,0.25,"ili perc","quantile"
"HHS Region 7",2017-02-04,4,2017-03-04,3.70342057263486,0.3,"ili perc","quantile"
"HHS Region 7",2017-02-04,4,2017-03-04,3.7948634415609,0.35,"ili perc","quantile"
"HHS Region 7",2017-02-04,4,2017-03-04,4.00879007347595,0.4,"ili perc","quantile"
"HHS Region 7",2017-02-04,4,2017-03-04,4.32943828311416,0.45,"ili perc","quantile"
"HHS Region 7",2017-02-04,4,2017-03-04,4.5679711093358,0.5,"ili perc","quantile"
"HHS Region 7",2017-02-04,4,2017-03-04,4.75354339692482,0.55,"ili perc","quantile"
"HHS Region 7",2017-02-04,4,2017-03-04,5.14834361916596,0.6,"ili perc","quantile"
"HHS Region 7",2017-02-04,4,2017-03-04,5.27835240959964,0.65,"ili perc","quantile"
"HHS Region 7",2017-02-04,4,2017-03-04,5.41851374526817,0.7,"ili perc","quantile"
"HHS Region 7",2017-02-04,4,2017-03-04,5.69901437785107,0.75,"ili perc","quantile"
"HHS Region 7",2017-02-04,4,2017-03-04,6.13102423285597,0.8,"ili perc","quantile"
"HHS Region 7",2017-02-04,4,2017-03-04,6.7283739832868,0.85,"ili perc","quantile"
"HHS Region 7",2017-02-04,4,2017-03-04,7.11330989122602,0.9,"ili perc","quantile"
"HHS Region 7",2017-02-04,4,2017-03-04,9.17314423412563,0.95,"ili perc","quantile"
"HHS Region 7",2017-02-04,4,2017-03-04,10.0975702593027,0.975,"ili perc","quantile"
"HHS Region 7",2017-02-04,4,2017-03-04,12.6523799475446,0.99,"ili perc","quantile"
"HHS Region 8",2017-02-04,1,2017-02-11,1.4821108237754,0.01,"ili perc","quantile"
"HHS Region 8",2017-02-04,1,2017-02-11,1.54523016765807,0.025,"ili perc","quantile"
"HHS Region 8",2017-02-04,1,2017-02-11,1.68169843950065,0.05,"ili perc","quantile"
"HHS Region 8",2017-02-04,1,2017-02-11,1.79997935843368,0.1,"ili perc","quantile"
"HHS Region 8",2017-02-04,1,2017-02-11,1.88489740114173,0.15,"ili perc","quantile"
"HHS Region 8",2017-02-04,1,2017-02-11,1.92922608665686,0.2,"ili perc","quantile"
"HHS Region 8",2017-02-04,1,2017-02-11,1.99070764403109,0.25,"ili perc","quantile"
"HHS Region 8",2017-02-04,1,2017-02-11,2.09778448649146,0.3,"ili perc","quantile"
"HHS Region 8",2017-02-04,1,2017-02-11,2.17672086547033,0.35,"ili perc","quantile"
"HHS Region 8",2017-02-04,1,2017-02-11,2.19402083290848,0.4,"ili perc","quantile"
"HHS Region 8",2017-02-04,1,2017-02-11,2.21929612468979,0.45,"ili perc","quantile"
"HHS Region 8",2017-02-04,1,2017-02-11,2.27960893638503,0.5,"ili perc","quantile"
"HHS Region 8",2017-02-04,1,2017-02-11,2.32036735383597,0.55,"ili perc","quantile"
"HHS Region 8",2017-02-04,1,2017-02-11,2.37804982978585,0.6,"ili perc","quantile"
"HHS Region 8",2017-02-04,1,2017-02-11,2.4115077015263,0.65,"ili perc","quantile"
"HHS Region 8",2017-02-04,1,2017-02-11,2.43648564585227,0.7,"ili perc","quantile"
"HHS Region 8",2017-02-04,1,2017-02-11,2.51204223450037,0.75,"ili perc","quantile"
"HHS Region 8",2017-02-04,1,2017-02-11,2.54693806614207,0.8,"ili perc","quantile"
"HHS Region 8",2017-02-04,1,2017-02-11,2.72255755776039,0.85,"ili perc","quantile"
"HHS Region 8",2017-02-04,1,2017-02-11,2.90771595742078,0.9,"ili perc","quantile"
"HHS Region 8",2017-02-04,1,2017-02-11,3.31131410024063,0.95,"ili perc","quantile"
"HHS Region 8",2017-02-04,1,2017-02-11,3.75268052855556,0.975,"ili perc","quantile"
"HHS Region 8",2017-02-04,1,2017-02-11,7.18765111731841,0.99,"ili perc","quantile"
"HHS Region 8",2017-02-04,2,2017-02-18,1.04191215756012,0.01,"ili perc","quantile"
"HHS Region 8",2017-02-04,2,2017-02-18,1.2128041042718,0.025,"ili perc","quantile"
"HHS Region 8",2017-02-04,2,2017-02-18,1.43256054690106,0.05,"ili perc","quantile"
"HHS Region 8",2017-02-04,2,2017-02-18,1.55278413814084,0.1,"ili perc","quantile"
"HHS Region 8",2017-02-04,2,2017-02-18,1.64117115229799,0.15,"ili perc","quantile"
"HHS Region 8",2017-02-04,2,2017-02-18,1.78690549271682,0.2,"ili perc","quantile"
"HHS Region 8",2017-02-04,2,2017-02-18,1.8517106053488,0.25,"ili perc","quantile"
"HHS Region 8",2017-02-04,2,2017-02-18,1.8893940089851,0.3,"ili perc","quantile"
"HHS Region 8",2017-02-04,2,2017-02-18,1.93025899530423,0.35,"ili perc","quantile"
"HHS Region 8",2017-02-04,2,2017-02-18,2.02525734925115,0.4,"ili perc","quantile"
"HHS Region 8",2017-02-04,2,2017-02-18,2.10752183914245,0.45,"ili perc","quantile"
"HHS Region 8",2017-02-04,2,2017-02-18,2.16280055905576,0.5,"ili perc","quantile"
"HHS Region 8",2017-02-04,2,2017-02-18,2.17732434180292,0.55,"ili perc","quantile"
"HHS Region 8",2017-02-04,2,2017-02-18,2.24559623734954,0.6,"ili perc","quantile"
"HHS Region 8",2017-02-04,2,2017-02-18,2.28595561016619,0.65,"ili perc","quantile"
"HHS Region 8",2017-02-04,2,2017-02-18,2.33067005570546,0.7,"ili perc","quantile"
"HHS Region 8",2017-02-04,2,2017-02-18,2.4153096451016,0.75,"ili perc","quantile"
"HHS Region 8",2017-02-04,2,2017-02-18,2.51430194271183,0.8,"ili perc","quantile"
"HHS Region 8",2017-02-04,2,2017-02-18,2.74921388126274,0.85,"ili perc","quantile"
"HHS Region 8",2017-02-04,2,2017-02-18,2.94613480846545,0.9,"ili perc","quantile"
"HHS Region 8",2017-02-04,2,2017-02-18,3.18794808622724,0.95,"ili perc","quantile"
"HHS Region 8",2017-02-04,2,2017-02-18,3.39983881992068,0.975,"ili perc","quantile"
"HHS Region 8",2017-02-04,2,2017-02-18,5.14135542071402,0.99,"ili perc","quantile"
"HHS Region 8",2017-02-04,3,2017-02-25,1.03144212274363,0.01,"ili perc","quantile"
"HHS Region 8",2017-02-04,3,2017-02-25,1.11108416547826,0.025,"ili perc","quantile"
"HHS Region 8",2017-02-04,3,2017-02-25,1.13836433210205,0.05,"ili perc","quantile"
"HHS Region 8",2017-02-04,3,2017-02-25,1.31898104962723,0.1,"ili perc","quantile"
"HHS Region 8",2017-02-04,3,2017-02-25,1.40559710820608,0.15,"ili perc","quantile"
"HHS Region 8",2017-02-04,3,2017-02-25,1.50703660431369,0.2,"ili perc","quantile"
"HHS Region 8",2017-02-04,3,2017-02-25,1.55278316884238,0.25,"ili perc","quantile"
"HHS Region 8",2017-02-04,3,2017-02-25,1.66375077529428,0.3,"ili perc","quantile"
"HHS Region 8",2017-02-04,3,2017-02-25,1.72089562348302,0.35,"ili perc","quantile"
"HHS Region 8",2017-02-04,3,2017-02-25,1.7722996087331,0.4,"ili perc","quantile"
"HHS Region 8",2017-02-04,3,2017-02-25,1.83341177097724,0.45,"ili perc","quantile"
"HHS Region 8",2017-02-04,3,2017-02-25,1.95312616501878,0.5,"ili perc","quantile"
"HHS Region 8",2017-02-04,3,2017-02-25,2.05469561786848,0.55,"ili perc","quantile"
"HHS Region 8",2017-02-04,3,2017-02-25,2.14601246330543,0.6,"ili perc","quantile"
"HHS Region 8",2017-02-04,3,2017-02-25,2.16896538264534,0.65,"ili perc","quantile"
"HHS Region 8",2017-02-04,3,2017-02-25,2.23974914000201,0.7,"ili perc","quantile"
"HHS Region 8",2017-02-04,3,2017-02-25,2.29424852680952,0.75,"ili perc","quantile"
"HHS Region 8",2017-02-04,3,2017-02-25,2.4155224898521,0.8,"ili perc","quantile"
"HHS Region 8",2017-02-04,3,2017-02-25,2.53469378884592,0.85,"ili perc","quantile"
"HHS Region 8",2017-02-04,3,2017-02-25,2.94002529592762,0.9,"ili perc","quantile"
"HHS Region 8",2017-02-04,3,2017-02-25,3.1191072667071,0.95,"ili perc","quantile"
"HHS Region 8",2017-02-04,3,2017-02-25,3.62267889475924,0.975,"ili perc","quantile"
"HHS Region 8",2017-02-04,3,2017-02-25,7.39112486561525,0.99,"ili perc","quantile"
"HHS Region 8",2017-02-04,4,2017-03-04,0.771538495680111,0.01,"ili perc","quantile"
"HHS Region 8",2017-02-04,4,2017-03-04,0.818150122156758,0.025,"ili perc","quantile"
"HHS Region 8",2017-02-04,4,2017-03-04,1.05259588626453,0.05,"ili perc","quantile"
"HHS Region 8",2017-02-04,4,2017-03-04,1.19872458694081,0.1,"ili perc","quantile"
"HHS Region 8",2017-02-04,4,2017-03-04,1.29367864298223,0.15,"ili perc","quantile"
"HHS Region 8",2017-02-04,4,2017-03-04,1.36149240688783,0.2,"ili perc","quantile"
"HHS Region 8",2017-02-04,4,2017-03-04,1.43201594007759,0.25,"ili perc","quantile"
"HHS Region 8",2017-02-04,4,2017-03-04,1.48875423323808,0.3,"ili perc","quantile"
"HHS Region 8",2017-02-04,4,2017-03-04,1.60284659714101,0.35,"ili perc","quantile"
"HHS Region 8",2017-02-04,4,2017-03-04,1.6895396638054,0.4,"ili perc","quantile"
"HHS Region 8",2017-02-04,4,2017-03-04,1.75693011806504,0.45,"ili perc","quantile"
"HHS Region 8",2017-02-04,4,2017-03-04,1.81904097771734,0.5,"ili perc","quantile"
"HHS Region 8",2017-02-04,4,2017-03-04,1.88911222892509,0.55,"ili perc","quantile"
"HHS Region 8",2017-02-04,4,2017-03-04,1.94098291903533,0.6,"ili perc","quantile"
"HHS Region 8",2017-02-04,4,2017-03-04,2.0350318528365,0.65,"ili perc","quantile"
"HHS Region 8",2017-02-04,4,2017-03-04,2.16164991455528,0.7,"ili perc","quantile"
"HHS Region 8",2017-02-04,4,2017-03-04,2.23388746894504,0.75,"ili perc","quantile"
"HHS Region 8",2017-02-04,4,2017-03-04,2.36778185919753,0.8,"ili perc","quantile"
"HHS Region 8",2017-02-04,4,2017-03-04,2.49201536659473,0.85,"ili perc","quantile"
"HHS Region 8",2017-02-04,4,2017-03-04,2.77616707489762,0.9,"ili perc","quantile"
"HHS Region 8",2017-02-04,4,2017-03-04,3.03140011251708,0.95,"ili perc","quantile"
"HHS Region 8",2017-02-04,4,2017-03-04,4.12342238715667,0.975,"ili perc","quantile"
"HHS Region 8",2017-02-04,4,2017-03-04,6.09957179440697,0.99,"ili perc","quantile"
"HHS Region 9",2017-02-04,1,2017-02-11,1.99796751447449,0.01,"ili perc","quantile"
"HHS Region 9",2017-02-04,1,2017-02-11,2.22902736248248,0.025,"ili perc","quantile"
"HHS Region 9",2017-02-04,1,2017-02-11,2.37119629946274,0.05,"ili perc","quantile"
"HHS Region 9",2017-02-04,1,2017-02-11,2.6826931715116,0.1,"ili perc","quantile"
"HHS Region 9",2017-02-04,1,2017-02-11,2.83123210737747,0.15,"ili perc","quantile"
"HHS Region 9",2017-02-04,1,2017-02-11,2.95743485510023,0.2,"ili perc","quantile"
"HHS Region 9",2017-02-04,1,2017-02-11,3.06782678099683,0.25,"ili perc","quantile"
"HHS Region 9",2017-02-04,1,2017-02-11,3.17368433023003,0.3,"ili perc","quantile"
"HHS Region 9",2017-02-04,1,2017-02-11,3.19983071141895,0.35,"ili perc","quantile"
"HHS Region 9",2017-02-04,1,2017-02-11,3.24431383736105,0.4,"ili perc","quantile"
"HHS Region 9",2017-02-04,1,2017-02-11,3.26634528671743,0.45,"ili perc","quantile"
"HHS Region 9",2017-02-04,1,2017-02-11,3.29689984219661,0.5,"ili perc","quantile"
"HHS Region 9",2017-02-04,1,2017-02-11,3.3577360061713,0.55,"ili perc","quantile"
"HHS Region 9",2017-02-04,1,2017-02-11,3.42428168901427,0.6,"ili perc","quantile"
"HHS Region 9",2017-02-04,1,2017-02-11,3.54350907788329,0.65,"ili perc","quantile"
"HHS Region 9",2017-02-04,1,2017-02-11,3.60596489406765,0.7,"ili perc","quantile"
"HHS Region 9",2017-02-04,1,2017-02-11,3.66262066438252,0.75,"ili perc","quantile"
"HHS Region 9",2017-02-04,1,2017-02-11,3.74676535947874,0.8,"ili perc","quantile"
"HHS Region 9",2017-02-04,1,2017-02-11,4.00523859573453,0.85,"ili perc","quantile"
"HHS Region 9",2017-02-04,1,2017-02-11,4.13356858945573,0.9,"ili perc","quantile"
"HHS Region 9",2017-02-04,1,2017-02-11,4.34110797922986,0.95,"ili perc","quantile"
"HHS Region 9",2017-02-04,1,2017-02-11,5.02753324441274,0.975,"ili perc","quantile"
"HHS Region 9",2017-02-04,1,2017-02-11,5.24088475133663,0.99,"ili perc","quantile"
"HHS Region 9",2017-02-04,2,2017-02-18,1.96448646927178,0.01,"ili perc","quantile"
"HHS Region 9",2017-02-04,2,2017-02-18,2.11497103251328,0.025,"ili perc","quantile"
"HHS Region 9",2017-02-04,2,2017-02-18,2.30831631251382,0.05,"ili perc","quantile"
"HHS Region 9",2017-02-04,2,2017-02-18,2.40650152096734,0.1,"ili perc","quantile"
"HHS Region 9",2017-02-04,2,2017-02-18,2.49390156761617,0.15,"ili perc","quantile"
"HHS Region 9",2017-02-04,2,2017-02-18,2.55587599655508,0.2,"ili perc","quantile"
"HHS Region 9",2017-02-04,2,2017-02-18,2.64656619590754,0.25,"ili perc","quantile"
"HHS Region 9",2017-02-04,2,2017-02-18,2.81766155287902,0.3,"ili perc","quantile"
"HHS Region 9",2017-02-04,2,2017-02-18,2.93092677244444,0.35,"ili perc","quantile"
"HHS Region 9",2017-02-04,2,2017-02-18,2.97410368690862,0.4,"ili perc","quantile"
"HHS Region 9",2017-02-04,2,2017-02-18,3.05313191699064,0.45,"ili perc","quantile"
"HHS Region 9",2017-02-04,2,2017-02-18,3.15066078778488,0.5,"ili perc","quantile"
"HHS Region 9",2017-02-04,2,2017-02-18,3.2185117976595,0.55,"ili perc","quantile"
"HHS Region 9",2017-02-04,2,2017-02-18,3.23611586577169,0.6,"ili perc","quantile"
"HHS Region 9",2017-02-04,2,2017-02-18,3.31704601075656,0.65,"ili perc","quantile"
"HHS Region 9",2017-02-04,2,2017-02-18,3.39960996362597,0.7,"ili perc","quantile"
"HHS Region 9",2017-02-04,2,2017-02-18,3.5276393204827,0.75,"ili perc","quantile"
"HHS Region 9",2017-02-04,2,2017-02-18,3.60971557017972,0.8,"ili perc","quantile"
"HHS Region 9",2017-02-04,2,2017-02-18,4.01684201337925,0.85,"ili perc","quantile"
"HHS Region 9",2017-02-04,2,2017-02-18,4.22170030618262,0.9,"ili perc","quantile"
"HHS Region 9",2017-02-04,2,2017-02-18,4.65313903876198,0.95,"ili perc","quantile"
"HHS Region 9",2017-02-04,2,2017-02-18,5.13466740256914,0.975,"ili perc","quantile"
"HHS Region 9",2017-02-04,2,2017-02-18,6.05014005702948,0.99,"ili perc","quantile"
"HHS Region 9",2017-02-04,3,2017-02-25,1.73989161027685,0.01,"ili perc","quantile"
"HHS Region 9",2017-02-04,3,2017-02-25,1.8603383099266,0.025,"ili perc","quantile"
"HHS Region 9",2017-02-04,3,2017-02-25,1.95908165409681,0.05,"ili perc","quantile"
"HHS Region 9",2017-02-04,3,2017-02-25,2.21165606455504,0.1,"ili perc","quantile"
"HHS Region 9",2017-02-04,3,2017-02-25,2.37157206163457,0.15,"ili perc","quantile"
"HHS Region 9",2017-02-04,3,2017-02-25,2.55399408604354,0.2,"ili perc","quantile"
"HHS Region 9",2017-02-04,3,2017-02-25,2.58652267008333,0.25,"ili perc","quantile"
"HHS Region 9",2017-02-04,3,2017-02-25,2.6408949403319,0.3,"ili perc","quantile"
"HHS Region 9",2017-02-04,3,2017-02-25,2.7720060872656,0.35,"ili perc","quantile"
"HHS Region 9",2017-02-04,3,2017-02-25,2.94966471795122,0.4,"ili perc","quantile"
"HHS Region 9",2017-02-04,3,2017-02-25,3.03665837933501,0.45,"ili perc","quantile"
"HHS Region 9",2017-02-04,3,2017-02-25,3.09316137998283,0.5,"ili perc","quantile"
"HHS Region 9",2017-02-04,3,2017-02-25,3.17487036958392,0.55,"ili perc","quantile"
"HHS Region 9",2017-02-04,3,2017-02-25,3.30875091278731,0.6,"ili perc","quantile"
"HHS Region 9",2017-02-04,3,2017-02-25,3.52298852913643,0.65,"ili perc","quantile"
"HHS Region 9",2017-02-04,3,2017-02-25,3.6223431333485,0.7,"ili perc","quantile"
"HHS Region 9",2017-02-04,3,2017-02-25,3.92016758858749,0.75,"ili perc","quantile"
"HHS Region 9",2017-02-04,3,2017-02-25,4.14425380761046,0.8,"ili perc","quantile"
"HHS Region 9",2017-02-04,3,2017-02-25,4.51875498898084,0.85,"ili perc","quantile"
"HHS Region 9",2017-02-04,3,2017-02-25,4.68266384739621,0.9,"ili perc","quantile"
"HHS Region 9",2017-02-04,3,2017-02-25,5.06953717671586,0.95,"ili perc","quantile"
"HHS Region 9",2017-02-04,3,2017-02-25,5.30061676229317,0.975,"ili perc","quantile"
"HHS Region 9",2017-02-04,3,2017-02-25,5.85568950464157,0.99,"ili perc","quantile"
"HHS Region 9",2017-02-04,4,2017-03-04,1.33075042313136,0.01,"ili perc","quantile"
"HHS Region 9",2017-02-04,4,2017-03-04,1.45826431594307,0.025,"ili perc","quantile"
"HHS Region 9",2017-02-04,4,2017-03-04,1.58116364302822,0.05,"ili perc","quantile"
"HHS Region 9",2017-02-04,4,2017-03-04,1.78931869448767,0.1,"ili perc","quantile"
"HHS Region 9",2017-02-04,4,2017-03-04,1.98686179581488,0.15,"ili perc","quantile"
"HHS Region 9",2017-02-04,4,2017-03-04,2.22361277166491,0.2,"ili perc","quantile"
"HHS Region 9",2017-02-04,4,2017-03-04,2.42190742083659,0.25,"ili perc","quantile"
"HHS Region 9",2017-02-04,4,2017-03-04,2.55534442959692,0.3,"ili perc","quantile"
"HHS Region 9",2017-02-04,4,2017-03-04,2.65743796188497,0.35,"ili perc","quantile"
"HHS Region 9",2017-02-04,4,2017-03-04,2.72367507998337,0.4,"ili perc","quantile"
"HHS Region 9",2017-02-04,4,2017-03-04,2.94355660637536,0.45,"ili perc","quantile"
"HHS Region 9",2017-02-04,4,2017-03-04,3.09589311643153,0.5,"ili perc","quantile"
"HHS Region 9",2017-02-04,4,2017-03-04,3.14797514806897,0.55,"ili perc","quantile"
"HHS Region 9",2017-02-04,4,2017-03-04,3.36519004783709,0.6,"ili perc","quantile"
"HHS Region 9",2017-02-04,4,2017-03-04,3.46537480580208,0.65,"ili perc","quantile"
"HHS Region 9",2017-02-04,4,2017-03-04,3.64624212686127,0.7,"ili perc","quantile"
"HHS Region 9",2017-02-04,4,2017-03-04,3.78696179192907,0.75,"ili perc","quantile"
"HHS Region 9",2017-02-04,4,2017-03-04,4.03575366565385,0.8,"ili perc","quantile"
"HHS Region 9",2017-02-04,4,2017-03-04,4.3883225134546,0.85,"ili perc","quantile"
"HHS Region 9",2017-02-04,4,2017-03-04,4.52606993396081,0.9,"ili perc","quantile"
"HHS Region 9",2017-02-04,4,2017-03-04,5.29285670188431,0.95,"ili perc","quantile"
"HHS Region 9",2017-02-04,4,2017-03-04,5.81621206356003,0.975,"ili perc","quantile"
"HHS Region 9",2017-02-04,4,2017-03-04,6.5620353499667,0.99,"ili perc","quantile"
"US National",2017-02-04,1,2017-02-11,3.88669949079575,0.01,"ili perc","quantile"
"US National",2017-02-04,1,2017-02-11,4.07128599013044,0.025,"ili perc","quantile"
"US National",2017-02-04,1,2017-02-11,4.18095593079595,0.05,"ili perc","quantile"
"US National",2017-02-04,1,2017-02-11,4.31126233399375,0.1,"ili perc","quantile"
"US National",2017-02-04,1,2017-02-11,4.50306847092551,0.15,"ili perc","quantile"
"US National",2017-02-04,1,2017-02-11,4.55432858880227,0.2,"ili perc","quantile"
"US National",2017-02-04,1,2017-02-11,4.63830311414714,0.25,"ili perc","quantile"
"US National",2017-02-04,1,2017-02-11,4.71684733796695,0.3,"ili perc","quantile"
"US National",2017-02-04,1,2017-02-11,4.75944684061484,0.35,"ili perc","quantile"
"US National",2017-02-04,1,2017-02-11,4.82659118265414,0.4,"ili perc","quantile"
"US National",2017-02-04,1,2017-02-11,4.86819539265923,0.45,"ili perc","quantile"
"US National",2017-02-04,1,2017-02-11,4.89061612438284,0.5,"ili perc","quantile"
"US National",2017-02-04,1,2017-02-11,4.93360542898244,0.55,"ili perc","quantile"
"US National",2017-02-04,1,2017-02-11,4.97864226339634,0.6,"ili perc","quantile"
"US National",2017-02-04,1,2017-02-11,4.99509153783038,0.65,"ili perc","quantile"
"US National",2017-02-04,1,2017-02-11,5.03895594886674,0.7,"ili perc","quantile"
"US National",2017-02-04,1,2017-02-11,5.08377824349997,0.75,"ili perc","quantile"
"US National",2017-02-04,1,2017-02-11,5.16271348918925,0.8,"ili perc","quantile"
"US National",2017-02-04,1,2017-02-11,5.27609826574597,0.85,"ili perc","quantile"
"US National",2017-02-04,1,2017-02-11,5.52824859646907,0.9,"ili perc","quantile"
"US National",2017-02-04,1,2017-02-11,5.68289843791872,0.95,"ili perc","quantile"
"US National",2017-02-04,1,2017-02-11,5.80896451055659,0.975,"ili perc","quantile"
"US National",2017-02-04,1,2017-02-11,5.865219481124,0.99,"ili perc","quantile"
"US National",2017-02-04,2,2017-02-18,3.02928347554478,0.01,"ili perc","quantile"
"US National",2017-02-04,2,2017-02-18,3.17727899812925,0.025,"ili perc","quantile"
"US National",2017-02-04,2,2017-02-18,3.42019688938973,0.05,"ili perc","quantile"
"US National",2017-02-04,2,2017-02-18,3.6757035933291,0.1,"ili perc","quantile"
"US National",2017-02-04,2,2017-02-18,3.93180706431285,0.15,"ili perc","quantile"
"US National",2017-02-04,2,2017-02-18,4.07659366288975,0.2,"ili perc","quantile"
"US National",2017-02-04,2,2017-02-18,4.22497747854274,0.25,"ili perc","quantile"
"US National",2017-02-04,2,2017-02-18,4.32506910132705,0.3,"ili perc","quantile"
"US National",2017-02-04,2,2017-02-18,4.41540674778502,0.35,"ili perc","quantile"
"US National",2017-02-04,2,2017-02-18,4.55742019544658,0.4,"ili perc","quantile"
"US National",2017-02-04,2,2017-02-18,4.64459497633744,0.45,"ili perc","quantile"
"US National",2017-02-04,2,2017-02-18,4.78763221443131,0.5,"ili perc","quantile"
"US National",2017-02-04,2,2017-02-18,4.85635412360105,0.55,"ili perc","quantile"
"US National",2017-02-04,2,2017-02-18,4.95570028856678,0.6,"ili perc","quantile"
"US National",2017-02-04,2,2017-02-18,5.03135543867104,0.65,"ili perc","quantile"
"US National",2017-02-04,2,2017-02-18,5.08667725163246,0.7,"ili perc","quantile"
"US National",2017-02-04,2,2017-02-18,5.1942174391038,0.75,"ili perc","quantile"
"US National",2017-02-04,2,2017-02-18,5.38103807202806,0.8,"ili perc","quantile"
"US National",2017-02-04,2,2017-02-18,5.58522706533297,0.85,"ili perc","quantile"
"US National",2017-02-04,2,2017-02-18,5.83060142863288,0.9,"ili perc","quantile"
"US National",2017-02-04,2,2017-02-18,6.13663846791975,0.95,"ili perc","quantile"
"US National",2017-02-04,2,2017-02-18,6.29468341188001,0.975,"ili perc","quantile"
"US National",2017-02-04,2,2017-02-18,7.05562350925585,0.99,"ili perc","quantile"
"US National",2017-02-04,3,2017-02-25,2.59885969485416,0.01,"ili perc","quantile"
"US National",2017-02-04,3,2017-02-25,2.6712994617793,0.025,"ili perc","quantile"
"US National",2017-02-04,3,2017-02-25,2.8751787652721,0.05,"ili perc","quantile"
"US National",2017-02-04,3,2017-02-25,3.32758786437757,0.1,"ili perc","quantile"
"US National",2017-02-04,3,2017-02-25,3.46290759390845,0.15,"ili perc","quantile"
"US National",2017-02-04,3,2017-02-25,3.64125150266894,0.2,"ili perc","quantile"
"US National",2017-02-04,3,2017-02-25,3.84861184399722,0.25,"ili perc","quantile"
"US National",2017-02-04,3,2017-02-25,4.00293968665152,0.3,"ili perc","quantile"
"US National",2017-02-04,3,2017-02-25,4.14851095017263,0.35,"ili perc","quantile"
"US National",2017-02-04,3,2017-02-25,4.27337406707386,0.4,"ili perc","quantile"
"US National",2017-02-04,3,2017-02-25,4.39152603604522,0.45,"ili perc","quantile"
"US National",2017-02-04,3,2017-02-25,4.60290370061069,0.5,"ili perc","quantile"
"US National",2017-02-04,3,2017-02-25,4.67745621978662,0.55,"ili perc","quantile"
"US National",2017-02-04,3,2017-02-25,4.90230385423452,0.6,"ili perc","quantile"
"US National",2017-02-04,3,2017-02-25,4.9917128596535,0.65,"ili perc","quantile"
"US National",2017-02-04,3,2017-02-25,5.12168406987368,0.7,"ili perc","quantile"
"US National",2017-02-04,3,2017-02-25,5.30224000418779,0.75,"ili perc","quantile"
"US National",2017-02-04,3,2017-02-25,5.37344479577994,0.8,"ili perc","quantile"
"US National",2017-02-04,3,2017-02-25,5.63871349438192,0.85,"ili perc","quantile"
"US National",2017-02-04,3,2017-02-25,6.11840073912311,0.9,"ili perc","quantile"
"US National",2017-02-04,3,2017-02-25,6.51173794302124,0.95,"ili perc","quantile"
"US National",2017-02-04,3,2017-02-25,6.99798798264481,0.975,"ili perc","quantile"
"US National",2017-02-04,3,2017-02-25,7.41545416236392,0.99,"ili perc","quantile"
"US National",2017-02-04,4,2017-03-04,2.31688999074201,0.01,"ili perc","quantile"
"US National",2017-02-04,4,2017-03-04,2.42112800179399,0.025,"ili perc","quantile"
"US National",2017-02-04,4,2017-03-04,2.61842972265108,0.05,"ili perc","quantile"
"US National",2017-02-04,4,2017-03-04,2.92020826889217,0.1,"ili perc","quantile"
"US National",2017-02-04,4,2017-03-04,3.11602435207251,0.15,"ili perc","quantile"
"US National",2017-02-04,4,2017-03-04,3.30829831872648,0.2,"ili perc","quantile"
"US National",2017-02-04,4,2017-03-04,3.47985203640129,0.25,"ili perc","quantile"
"US National",2017-02-04,4,2017-03-04,3.57347592639181,0.3,"ili perc","quantile"
"US National",2017-02-04,4,2017-03-04,3.66528053240907,0.35,"ili perc","quantile"
"US National",2017-02-04,4,2017-03-04,3.86316370615131,0.4,"ili perc","quantile"
"US National",2017-02-04,4,2017-03-04,4.00917811156792,0.45,"ili perc","quantile"
"US National",2017-02-04,4,2017-03-04,4.16744064031163,0.5,"ili perc","quantile"
"US National",2017-02-04,4,2017-03-04,4.3408931112954,0.55,"ili perc","quantile"
"US National",2017-02-04,4,2017-03-04,4.55448844962516,0.6,"ili perc","quantile"
"US National",2017-02-04,4,2017-03-04,4.66008554443976,0.65,"ili perc","quantile"
"US National",2017-02-04,4,2017-03-04,4.77541304430562,0.7,"ili perc","quantile"
"US National",2017-02-04,4,2017-03-04,4.8726519456029,0.75,"ili perc","quantile"
"US National",2017-02-04,4,2017-03-04,5.06612009692492,0.8,"ili perc","quantile"
"US National",2017-02-04,4,2017-03-04,5.34481176599749,0.85,"ili perc","quantile"
"US National",2017-02-04,4,2017-03-04,5.73448464284976,0.9,"ili perc","quantile"
"US National",2017-02-04,4,2017-03-04,7.0210830675236,0.95,"ili perc","quantile"
"US National",2017-02-04,4,2017-03-04,7.59960573837209,0.975,"ili perc","quantile"
"US National",2017-02-04,4,2017-03-04,8.01990646461774,0.99,"ili perc","quantile"
